home_team_name,away_team_name,home_team_abbr,away_team_abbr,season_label,matches,red_cards,total_red_cards
Everton,Liverpool,EVE,LIV,1992-93,1,0,8
Everton,Liverpool,EVE,LIV,1993-94,1,0,8
Everton,Liverpool,EVE,LIV,1994-95,1,0,8
Everton,Liverpool,EVE,LIV,1995-96,1,0,8
Everton,Liverpool,EVE,LIV,1996-97,1,0,8
Everton,Liverpool,EVE,LIV,1997-98,1,0,8
Everton,Liverpool,EVE,LIV,1998-99,1,0,8
Everton,Liverpool,EVE,LIV,1999-00,1,0,8
Everton,Liverpool,EVE,LIV,2000-01,1,1,8
Everton,Liverpool,EVE,LIV,2001-02,1,0,8
Everton,Liverpool,EVE,LIV,2002-03,1,0,8
Everton,Liverpool,EVE,LIV,2003-04,1,0,8
Everton,Liverpool,EVE,LIV,2004-05,1,0,8
Everton,Liverpool,EVE,LIV,2005-06,1,0,8
Everton,Liverpool,EVE,LIV,2006-07,1,0,8
Everton,Liverpool,EVE,LIV,2007-08,1,2,8
Everton,Liverpool,EVE,LIV,2008-09,1,1,8
Everton,Liverpool,EVE,LIV,2009-10,1,0,8
Everton,Liverpool,EVE,LIV,2010-11,1,0,8
Everton,Liverpool,EVE,LIV,2011-12,1,1,8
Everton,Liverpool,EVE,LIV,2012-13,1,0,8
Everton,Liverpool,EVE,LIV,2013-14,1,0,8
Everton,Liverpool,EVE,LIV,2014-15,1,0,8
Everton,Liverpool,EVE,LIV,2015-16,1,0,8
Everton,Liverpool,EVE,LIV,2016-17,1,0,8
Everton,Liverpool,EVE,LIV,2017-18,1,0,8
Everton,Liverpool,EVE,LIV,2018-19,1,0,8
Everton,Liverpool,EVE,LIV,2019-20,1,0,8
Everton,Liverpool,EVE,LIV,2020-21,1,1,8
Everton,Liverpool,EVE,LIV,2021-22,1,0,8
Everton,Liverpool,EVE,LIV,2022-23,1,0,8
Everton,Liverpool,EVE,LIV,2023-24,1,0,8
Everton,Liverpool,EVE,LIV,2024-25,1,2,8
Everton,Liverpool,EVE,LIV,2025-26,1,0,8
Tottenham Hotspur,Liverpool,TOT,LIV,1992-93,1,0,8
Tottenham Hotspur,Liverpool,TOT,LIV,1993-94,1,0,8
Tottenham Hotspur,Liverpool,TOT,LIV,1994-95,1,0,8
Tottenham Hotspur,Liverpool,TOT,LIV,1995-96,1,0,8
Tottenham Hotspur,Liverpool,TOT,LIV,1996-97,1,0,8
Tottenham Hotspur,Liverpool,TOT,LIV,1997-98,1,0,8
Tottenham Hotspur,Liverpool,TOT,LIV,1998-99,1,0,8
Tottenham Hotspur,Liverpool,TOT,LIV,1999-00,1,0,8
Tottenham Hotspur,Liverpool,TOT,LIV,2000-01,1,0,8
Tottenham Hotspur,Liverpool,TOT,LIV,2001-02,1,0,8
Tottenham Hotspur,Liverpool,TOT,LIV,2002-03,1,0,8
Tottenham Hotspur,Liverpool,TOT,LIV,2003-04,1,0,8
Tottenham Hotspur,Liverpool,TOT,LIV,2004-05,1,0,8
Tottenham Hotspur,Liverpool,TOT,LIV,2005-06,1,0,8
Tottenham Hotspur,Liverpool,TOT,LIV,2006-07,1,0,8
Tottenham Hotspur,Liverpool,TOT,LIV,2007-08,1,0,8
Tottenham Hotspur,Liverpool,TOT,LIV,2008-09,1,0,8
Tottenham Hotspur,Liverpool,TOT,LIV,2009-10,1,0,8
Tottenham Hotspur,Liverpool,TOT,LIV,2010-11,1,0,8
Tottenham Hotspur,Liverpool,TOT,LIV,2011-12,1,2,8
Tottenham Hotspur,Liverpool,TOT,LIV,2012-13,1,0,8
Tottenham Hotspur,Liverpool,TOT,LIV,2013-14,1,1,8
Tottenham Hotspur,Liverpool,TOT,LIV,2014-15,1,0,8
Tottenham Hotspur,Liverpool,TOT,LIV,2015-16,1,0,8
Tottenham Hotspur,Liverpool,TOT,LIV,2016-17,1,0,8
Tottenham Hotspur,Liverpool,TOT,LIV,2017-18,1,0,8
Tottenham Hotspur,Liverpool,TOT,LIV,2018-19,1,0,8
Tottenham Hotspur,Liverpool,TOT,LIV,2019-20,1,0,8
Tottenham Hotspur,Liverpool,TOT,LIV,2020-21,1,0,8
Tottenham Hotspur,Liverpool,TOT,LIV,2021-22,1,1,8
Tottenham Hotspur,Liverpool,TOT,LIV,2022-23,1,0,8
Tottenham Hotspur,Liverpool,TOT,LIV,2023-24,1,2,8
Tottenham Hotspur,Liverpool,TOT,LIV,2024-25,1,0,8
Tottenham Hotspur,Liverpool,TOT,LIV,2025-26,1,2,8
Liverpool,Manchester United,LIV,MUN,1992-93,1,0,7
Liverpool,Manchester United,LIV,MUN,1993-94,1,0,7
Liverpool,Manchester United,LIV,MUN,1994-95,1,0,7
Liverpool,Manchester United,LIV,MUN,1995-96,1,0,7
Liverpool,Manchester United,LIV,MUN,1996-97,1,0,7
Liverpool,Manchester United,LIV,MUN,1997-98,1,0,7
Liverpool,Manchester United,LIV,MUN,1998-99,1,0,7
Liverpool,Manchester United,LIV,MUN,1999-00,1,0,7
Liverpool,Manchester United,LIV,MUN,2000-01,1,0,7
Liverpool,Manchester United,LIV,MUN,2001-02,1,0,7
Liverpool,Manchester United,LIV,MUN,2002-03,1,0,7
Liverpool,Manchester United,LIV,MUN,2003-04,1,0,7
Liverpool,Manchester United,LIV,MUN,2004-05,1,0,7
Liverpool,Manchester United,LIV,MUN,2005-06,1,0,7
Liverpool,Manchester United,LIV,MUN,2006-07,1,1,7
Liverpool,Manchester United,LIV,MUN,2007-08,1,0,7
Liverpool,Manchester United,LIV,MUN,2008-09,1,1,7
Liverpool,Manchester United,LIV,MUN,2009-10,1,2,7
Liverpool,Manchester United,LIV,MUN,2010-11,1,0,7
Liverpool,Manchester United,LIV,MUN,2011-12,1,0,7
Liverpool,Manchester United,LIV,MUN,2012-13,1,1,7
Liverpool,Manchester United,LIV,MUN,2013-14,1,0,7
Liverpool,Manchester United,LIV,MUN,2014-15,1,1,7
Liverpool,Manchester United,LIV,MUN,2015-16,1,0,7
Liverpool,Manchester United,LIV,MUN,2016-17,1,0,7
Liverpool,Manchester United,LIV,MUN,2017-18,1,0,7
Liverpool,Manchester United,LIV,MUN,2018-19,1,0,7
Liverpool,Manchester United,LIV,MUN,2019-20,1,0,7
Liverpool,Manchester United,LIV,MUN,2020-21,1,0,7
Liverpool,Manchester United,LIV,MUN,2021-22,1,0,7
Liverpool,Manchester United,LIV,MUN,2022-23,1,0,7
Liverpool,Manchester United,LIV,MUN,2023-24,1,1,7
Liverpool,Manchester United,LIV,MUN,2024-25,1,0,7
Liverpool,Manchester United,LIV,MUN,2025-26,1,0,7
Stoke City,Tottenham Hotspur,STO,TOT,2008-09,1,2,7
Stoke City,Tottenham Hotspur,STO,TOT,2009-10,1,1,7
Stoke City,Tottenham Hotspur,STO,TOT,2010-11,1,0,7
Stoke City,Tottenham Hotspur,STO,TOT,2011-12,1,1,7
Stoke City,Tottenham Hotspur,STO,TOT,2012-13,1,1,7
Stoke City,Tottenham Hotspur,STO,TOT,2013-14,1,1,7
Stoke City,Tottenham Hotspur,STO,TOT,2014-15,1,1,7
Stoke City,Tottenham Hotspur,STO,TOT,2015-16,1,0,7
Stoke City,Tottenham Hotspur,STO,TOT,2016-17,1,0,7
Stoke City,Tottenham Hotspur,STO,TOT,2017-18,1,0,7
Chelsea,Arsenal,CHE,ARS,1992-93,1,0,6
Chelsea,Arsenal,CHE,ARS,1993-94,1,0,6
Chelsea,Arsenal,CHE,ARS,1994-95,1,0,6
Chelsea,Arsenal,CHE,ARS,1995-96,1,0,6
Chelsea,Arsenal,CHE,ARS,1996-97,1,0,6
Chelsea,Arsenal,CHE,ARS,1997-98,1,0,6
Chelsea,Arsenal,CHE,ARS,1998-99,1,0,6
Chelsea,Arsenal,CHE,ARS,1999-00,1,0,6
Chelsea,Arsenal,CHE,ARS,2000-01,1,0,6
Chelsea,Arsenal,CHE,ARS,2001-02,1,0,6
Chelsea,Arsenal,CHE,ARS,2002-03,1,0,6
Chelsea,Arsenal,CHE,ARS,2003-04,1,0,6
Chelsea,Arsenal,CHE,ARS,2004-05,1,0,6
Chelsea,Arsenal,CHE,ARS,2005-06,1,0,6
Chelsea,Arsenal,CHE,ARS,2006-07,1,0,6
Chelsea,Arsenal,CHE,ARS,2007-08,1,0,6
Chelsea,Arsenal,CHE,ARS,2008-09,1,0,6
Chelsea,Arsenal,CHE,ARS,2009-10,1,0,6
Chelsea,Arsenal,CHE,ARS,2010-11,1,0,6
Chelsea,Arsenal,CHE,ARS,2011-12,1,0,6
Chelsea,Arsenal,CHE,ARS,2012-13,1,0,6
Chelsea,Arsenal,CHE,ARS,2013-14,1,1,6
Chelsea,Arsenal,CHE,ARS,2014-15,1,0,6
Chelsea,Arsenal,CHE,ARS,2015-16,1,2,6
Chelsea,Arsenal,CHE,ARS,2016-17,1,0,6
Chelsea,Arsenal,CHE,ARS,2017-18,1,1,6
Chelsea,Arsenal,CHE,ARS,2018-19,1,0,6
Chelsea,Arsenal,CHE,ARS,2019-20,1,1,6
Chelsea,Arsenal,CHE,ARS,2020-21,1,0,6
Chelsea,Arsenal,CHE,ARS,2021-22,1,0,6
Chelsea,Arsenal,CHE,ARS,2022-23,1,0,6
Chelsea,Arsenal,CHE,ARS,2023-24,1,0,6
Chelsea,Arsenal,CHE,ARS,2024-25,1,0,6
Chelsea,Arsenal,CHE,ARS,2025-26,1,1,6
