match_id,kickoff_date,season_label,home_team_name,home_team_abbr,home_score,home_red_cards,away_team_name,away_team_abbr,away_score,away_red_cards,total_goals,total_red_cards,goals_points,red_points,chaos_score
128511,2007-09-29,2007-08,Portsmouth,POR,7,0,Reading,REA,4,0,11,0,33,0,33
360493,2011-08-28,2011-12,Manchester United,MUN,8,0,Arsenal,ARS,2,1,10,1,30,2,32
2128500,2021-02-02,2020-21,Manchester United,MUN,9,0,Southampton,SOU,0,2,9,2,27,4,31
128617,2007-12-26,2007-08,Chelsea,CHE,4,2,Aston Villa,AVL,4,1,8,3,24,6,30
128633,2007-12-29,2007-08,Tottenham Hotspur,TOT,6,0,Reading,REA,4,0,10,0,30,0,30
284129,2009-11-22,2009-10,Tottenham Hotspur,TOT,9,0,Wigan Athletic,WIG,1,0,10,0,30,0,30
442189,2012-12-29,2012-13,Arsenal,ARS,7,0,Newcastle United,NEW,3,0,10,0,30,0,30
442376,2013-05-19,2012-13,West Bromwich Albion,WBA,5,0,Manchester United,MUN,5,0,10,0,30,0,30
128810,2008-05-11,2007-08,Middlesbrough,MID,8,0,Manchester City,MCI,1,1,9,1,27,2,29
1059799,2019-10-25,2019-20,Southampton,SOU,0,1,Leicester City,LEI,9,0,9,1,27,2,29
17344,1994-04-09,1993-94,Norwich City,NOR,4,0,Southampton,SOU,5,0,9,0,27,0,27
16126,1995-03-04,1994-95,Manchester United,MUN,9,0,Ipswich Town,IPS,0,0,9,0,27,0,27
16977,1996-10-26,1996-97,Southampton,SOU,6,0,Manchester United,MUN,3,0,9,0,27,0,27
14411,1997-08-25,1997-98,Blackburn Rovers,BLA,7,0,Sheffield Wednesday,SHW,2,0,9,0,27,0,27
17012,1999-02-06,1998-99,Nottingham Forest,NFO,1,0,Manchester United,MUN,8,0,9,0,27,0,27
14688,2000-02-12,1999-00,West Ham United,WHU,5,0,Bradford City,BRA,4,0,9,0,27,0,27
17633,2000-03-11,1999-00,Tottenham Hotspur,TOT,7,0,Southampton,SOU,2,0,9,0,27,0,27
5829,2004-11-13,2004-05,Tottenham Hotspur,TOT,4,0,Arsenal,ARS,5,0,9,0,27,0,27
284213,2010-01-16,2009-10,Chelsea,CHE,7,0,Sunderland,SUN,2,0,9,0,27,0,27
695056,2013-12-14,2013-14,Manchester City,MCI,6,0,Arsenal,ARS,3,0,9,0,27,0,27
695202,2014-03-22,2013-14,Cardiff City,CAR,3,0,Liverpool,LIV,6,0,9,0,27,0,27
755325,2014-08-30,2014-15,Everton,EVE,3,0,Chelsea,CHE,6,0,9,0,27,0,27
803385,2016-01-23,2015-16,Norwich City,NOR,4,0,Liverpool,LIV,5,0,9,0,27,0,27
855300,2016-11-26,2016-17,Swansea City,SWA,5,0,Crystal Palace,CRY,4,0,9,0,27,0,27
855404,2017-02-04,2016-17,Everton,EVE,6,0,Bournemouth,BOU,3,0,9,0,27,0,27
918968,2017-10-14,2017-18,Manchester City,MCI,7,0,Stoke City,STO,2,0,9,0,27,0,27
919271,2018-05-13,2017-18,Tottenham Hotspur,TOT,5,0,Leicester City,LEI,4,0,9,0,27,0,27
2128317,2020-10-04,2020-21,Aston Villa,AVL,7,0,Liverpool,LIV,2,0,9,0,27,0,27
2210455,2021-12-26,2021-22,Manchester City,MCI,6,0,Leicester City,LEI,3,0,9,0,27,0,27
2292845,2022-08-27,2022-23,Liverpool,LIV,9,0,Bournemouth,BOU,0,0,9,0,27,0,27
2292897,2022-10-02,2022-23,Manchester City,MCI,6,0,Manchester United,MUN,3,0,9,0,27,0,27
2444638,2024-12-22,2024-25,Tottenham Hotspur,TOT,3,0,Liverpool,LIV,6,0,9,0,27,0,27
2562029,2025-12-02,2025-26,Fulham,FUL,4,0,Manchester City,MCI,5,0,9,0,27,0,27
128605,2007-12-15,2007-08,Wigan Athletic,WIG,5,0,Blackburn Rovers,BLA,3,1,8,1,24,2,26
284137,2009-11-28,2009-10,West Ham United,WHU,5,0,Burnley,BUR,3,1,8,1,24,2,26
284374,2010-05-09,2009-10,Chelsea,CHE,8,0,Wigan Athletic,WIG,0,1,8,1,24,2,26
321911,2011-02-05,2010-11,Newcastle United,NEW,4,0,Arsenal,ARS,4,1,8,1,24,2,26
360699,2012-02-04,2011-12,Arsenal,ARS,7,0,Blackburn Rovers,BLA,1,1,8,1,24,2,26
755346,2014-09-21,2014-15,Leicester City,LEI,5,0,Manchester United,MUN,3,1,8,1,24,2,26
17362,1992-08-22,1992-93,Oldham Athletic,OLD,5,0,Nottingham Forest,NFO,3,0,8,0,24,0,24
14235,1992-10-03,1992-93,Blackburn Rovers,BLA,7,0,Norwich City,NOR,1,0,8,0,24,0,24
17428,1993-04-03,1992-93,Oldham Athletic,OLD,6,0,Wimbledon,WIM,2,0,8,0,24,0,24
15743,1993-04-12,1992-93,Everton,EVE,3,0,Queens Park Rangers,QPR,5,0,8,0,24,0,24
16588,1993-05-08,1992-93,Liverpool,LIV,6,0,Tottenham Hotspur,TOT,2,0,8,0,24,0,24
15767,1994-01-15,1993-94,Everton,EVE,6,0,Swindon Town,SWI,2,0,8,0,24,0,24
17202,1994-03-12,1993-94,Newcastle United,NEW,7,0,Swindon Town,SWI,1,0,8,0,24,0,24
13856,1995-02-11,1994-95,Aston Villa,AVL,7,0,Wimbledon,WIM,1,0,8,0,24,0,24
13858,1995-02-22,1994-95,Aston Villa,AVL,4,0,Leicester City,LEI,4,0,8,0,24,0,24
17384,1995-04-01,1994-95,Sheffield Wednesday,SHW,1,0,Nottingham Forest,NFO,7,0,8,0,24,0,24
16268,1995-12-16,1995-96,Sheffield Wednesday,SHW,6,0,Leeds United,LEE,2,0,8,0,24,0,24
