team_name,team_short_name,minute
Arsenal,Arsenal,16
Arsenal,Arsenal,24
Arsenal,Arsenal,37
Arsenal,Arsenal,45
Arsenal,Arsenal,45
Arsenal,Arsenal,45
Arsenal,Arsenal,45
Arsenal,Arsenal,45
Arsenal,Arsenal,45
Arsenal,Arsenal,45
Arsenal,Arsenal,45
Arsenal,Arsenal,45
Arsenal,Arsenal,54
Arsenal,Arsenal,56
Arsenal,Arsenal,56
Arsenal,Arsenal,56
Arsenal,Arsenal,57
Arsenal,Arsenal,57
Arsenal,Arsenal,58
Arsenal,Arsenal,58
Arsenal,Arsenal,58
Arsenal,Arsenal,58
Arsenal,Arsenal,59
Arsenal,Arsenal,60
Arsenal,Arsenal,60
Arsenal,Arsenal,60
Arsenal,Arsenal,60
Arsenal,Arsenal,61
Arsenal,Arsenal,61
Arsenal,Arsenal,61
Arsenal,Arsenal,61
Arsenal,Arsenal,61
Arsenal,Arsenal,62
Arsenal,Arsenal,62
Arsenal,Arsenal,62
Arsenal,Arsenal,62
Arsenal,Arsenal,63
Arsenal,Arsenal,63
Arsenal,Arsenal,63
Arsenal,Arsenal,64
Arsenal,Arsenal,64
Arsenal,Arsenal,65
Arsenal,Arsenal,66
Arsenal,Arsenal,67
Arsenal,Arsenal,69
Arsenal,Arsenal,69
Arsenal,Arsenal,69
Arsenal,Arsenal,69
Arsenal,Arsenal,69
Arsenal,Arsenal,70
Arsenal,Arsenal,70
Arsenal,Arsenal,71
Arsenal,Arsenal,71
Arsenal,Arsenal,71
Arsenal,Arsenal,71
Arsenal,Arsenal,71
Arsenal,Arsenal,71
Arsenal,Arsenal,71
Arsenal,Arsenal,71
Arsenal,Arsenal,72
Arsenal,Arsenal,73
Arsenal,Arsenal,73
Arsenal,Arsenal,73
Arsenal,Arsenal,74
Arsenal,Arsenal,74
Arsenal,Arsenal,74
Arsenal,Arsenal,74
Arsenal,Arsenal,74
Arsenal,Arsenal,74
Arsenal,Arsenal,74
Arsenal,Arsenal,74
Arsenal,Arsenal,75
Arsenal,Arsenal,75
Arsenal,Arsenal,75
Arsenal,Arsenal,75
Arsenal,Arsenal,76
Arsenal,Arsenal,76
Arsenal,Arsenal,76
Arsenal,Arsenal,76
Arsenal,Arsenal,77
Arsenal,Arsenal,77
Arsenal,Arsenal,77
Arsenal,Arsenal,78
Arsenal,Arsenal,78
Arsenal,Arsenal,78
Arsenal,Arsenal,78
Arsenal,Arsenal,78
Arsenal,Arsenal,79
Arsenal,Arsenal,79
Arsenal,Arsenal,79
Arsenal,Arsenal,80
Arsenal,Arsenal,80
Arsenal,Arsenal,80
Arsenal,Arsenal,80
Arsenal,Arsenal,80
Arsenal,Arsenal,80
Arsenal,Arsenal,81
Arsenal,Arsenal,81
Arsenal,Arsenal,82
Arsenal,Arsenal,82
Arsenal,Arsenal,83
Arsenal,Arsenal,84
Arsenal,Arsenal,84
Arsenal,Arsenal,84
Arsenal,Arsenal,84
Arsenal,Arsenal,85
Arsenal,Arsenal,85
Arsenal,Arsenal,85
Arsenal,Arsenal,85
Arsenal,Arsenal,85
Arsenal,Arsenal,85
Arsenal,Arsenal,85
Arsenal,Arsenal,86
Arsenal,Arsenal,86
Arsenal,Arsenal,86
Arsenal,Arsenal,86
Arsenal,Arsenal,86
Arsenal,Arsenal,86
Arsenal,Arsenal,86
Arsenal,Arsenal,86
Arsenal,Arsenal,86
Arsenal,Arsenal,86
Arsenal,Arsenal,86
Arsenal,Arsenal,87
Arsenal,Arsenal,87
Arsenal,Arsenal,87
Arsenal,Arsenal,87
Arsenal,Arsenal,87
Arsenal,Arsenal,88
Arsenal,Arsenal,88
Arsenal,Arsenal,88
Arsenal,Arsenal,88
Arsenal,Arsenal,88
Arsenal,Arsenal,89
Arsenal,Arsenal,90
Arsenal,Arsenal,90
Arsenal,Arsenal,90
Arsenal,Arsenal,90
Arsenal,Arsenal,90
Arsenal,Arsenal,91
Arsenal,Arsenal,92
Arsenal,Arsenal,93
Arsenal,Arsenal,98
Aston Villa,Aston Villa,12
Aston Villa,Aston Villa,16
Aston Villa,Aston Villa,16
Aston Villa,Aston Villa,16
Aston Villa,Aston Villa,19
Aston Villa,Aston Villa,20
Aston Villa,Aston Villa,37
Aston Villa,Aston Villa,38
Aston Villa,Aston Villa,45
Aston Villa,Aston Villa,45
Aston Villa,Aston Villa,45
Aston Villa,Aston Villa,45
Aston Villa,Aston Villa,45
Aston Villa,Aston Villa,45
Aston Villa,Aston Villa,45
Aston Villa,Aston Villa,45
Aston Villa,Aston Villa,45
Aston Villa,Aston Villa,45
Aston Villa,Aston Villa,45
Aston Villa,Aston Villa,45
Aston Villa,Aston Villa,45
Aston Villa,Aston Villa,45
Aston Villa,Aston Villa,45
Aston Villa,Aston Villa,45
Aston Villa,Aston Villa,45
Aston Villa,Aston Villa,45
Aston Villa,Aston Villa,45
Aston Villa,Aston Villa,47
Aston Villa,Aston Villa,49
Aston Villa,Aston Villa,57
Aston Villa,Aston Villa,58
Aston Villa,Aston Villa,59
Aston Villa,Aston Villa,59
Aston Villa,Aston Villa,59
Aston Villa,Aston Villa,59
Aston Villa,Aston Villa,60
Aston Villa,Aston Villa,60
Aston Villa,Aston Villa,61
Aston Villa,Aston Villa,61
Aston Villa,Aston Villa,61
Aston Villa,Aston Villa,61
Aston Villa,Aston Villa,61
Aston Villa,Aston Villa,61
Aston Villa,Aston Villa,62
Aston Villa,Aston Villa,62
Aston Villa,Aston Villa,62
Aston Villa,Aston Villa,62
Aston Villa,Aston Villa,62
Aston Villa,Aston Villa,62
Aston Villa,Aston Villa,62
Aston Villa,Aston Villa,62
Aston Villa,Aston Villa,62
Aston Villa,Aston Villa,62
Aston Villa,Aston Villa,63
Aston Villa,Aston Villa,63
Aston Villa,Aston Villa,63
Aston Villa,Aston Villa,64
Aston Villa,Aston Villa,64
Aston Villa,Aston Villa,65
Aston Villa,Aston Villa,65
Aston Villa,Aston Villa,65
Aston Villa,Aston Villa,65
Aston Villa,Aston Villa,65
Aston Villa,Aston Villa,65
Aston Villa,Aston Villa,65
Aston Villa,Aston Villa,65
Aston Villa,Aston Villa,65
Aston Villa,Aston Villa,65
Aston Villa,Aston Villa,66
Aston Villa,Aston Villa,66
Aston Villa,Aston Villa,66
Aston Villa,Aston Villa,66
Aston Villa,Aston Villa,66
Aston Villa,Aston Villa,67
Aston Villa,Aston Villa,67
Aston Villa,Aston Villa,67
Aston Villa,Aston Villa,68
Aston Villa,Aston Villa,68
Aston Villa,Aston Villa,68
Aston Villa,Aston Villa,69
Aston Villa,Aston Villa,69
Aston Villa,Aston Villa,69
Aston Villa,Aston Villa,69
Aston Villa,Aston Villa,69
Aston Villa,Aston Villa,69
Aston Villa,Aston Villa,69
Aston Villa,Aston Villa,69
Aston Villa,Aston Villa,70
Aston Villa,Aston Villa,70
Aston Villa,Aston Villa,70
Aston Villa,Aston Villa,70
Aston Villa,Aston Villa,71
Aston Villa,Aston Villa,71
Aston Villa,Aston Villa,71
Aston Villa,Aston Villa,71
Aston Villa,Aston Villa,72
Aston Villa,Aston Villa,72
Aston Villa,Aston Villa,72
Aston Villa,Aston Villa,73
Aston Villa,Aston Villa,73
Aston Villa,Aston Villa,74
Aston Villa,Aston Villa,74
Aston Villa,Aston Villa,74
Aston Villa,Aston Villa,74
Aston Villa,Aston Villa,74
Aston Villa,Aston Villa,74
Aston Villa,Aston Villa,75
Aston Villa,Aston Villa,75
Aston Villa,Aston Villa,76
Aston Villa,Aston Villa,76
Aston Villa,Aston Villa,76
Aston Villa,Aston Villa,76
Aston Villa,Aston Villa,76
Aston Villa,Aston Villa,76
Aston Villa,Aston Villa,77
Aston Villa,Aston Villa,77
Aston Villa,Aston Villa,78
Aston Villa,Aston Villa,78
Aston Villa,Aston Villa,78
Aston Villa,Aston Villa,79
Aston Villa,Aston Villa,79
Aston Villa,Aston Villa,80
Aston Villa,Aston Villa,80
Aston Villa,Aston Villa,80
Aston Villa,Aston Villa,81
Aston Villa,Aston Villa,81
Aston Villa,Aston Villa,81
Aston Villa,Aston Villa,81
Aston Villa,Aston Villa,81
Aston Villa,Aston Villa,82
Aston Villa,Aston Villa,82
Aston Villa,Aston Villa,82
Aston Villa,Aston Villa,82
Aston Villa,Aston Villa,82
Aston Villa,Aston Villa,82
Aston Villa,Aston Villa,83
Aston Villa,Aston Villa,83
Aston Villa,Aston Villa,83
Aston Villa,Aston Villa,83
Aston Villa,Aston Villa,83
Aston Villa,Aston Villa,83
Aston Villa,Aston Villa,83
Aston Villa,Aston Villa,83
Aston Villa,Aston Villa,83
Aston Villa,Aston Villa,84
Aston Villa,Aston Villa,84
Aston Villa,Aston Villa,84
Aston Villa,Aston Villa,84
Aston Villa,Aston Villa,84
Aston Villa,Aston Villa,84
Aston Villa,Aston Villa,85
Aston Villa,Aston Villa,85
Aston Villa,Aston Villa,85
Aston Villa,Aston Villa,85
Aston Villa,Aston Villa,86
Aston Villa,Aston Villa,86
Aston Villa,Aston Villa,86
Aston Villa,Aston Villa,87
Aston Villa,Aston Villa,88
Aston Villa,Aston Villa,88
Aston Villa,Aston Villa,88
Aston Villa,Aston Villa,89
Aston Villa,Aston Villa,89
Aston Villa,Aston Villa,90
Aston Villa,Aston Villa,90
Aston Villa,Aston Villa,91
Aston Villa,Aston Villa,91
Aston Villa,Aston Villa,91
Aston Villa,Aston Villa,94
Aston Villa,Aston Villa,99
Bournemouth,Bournemouth,22
Bournemouth,Bournemouth,26
Bournemouth,Bournemouth,30
Bournemouth,Bournemouth,45
Bournemouth,Bournemouth,45
Bournemouth,Bournemouth,45
Bournemouth,Bournemouth,45
Bournemouth,Bournemouth,45
Bournemouth,Bournemouth,45
Bournemouth,Bournemouth,45
Bournemouth,Bournemouth,45
Bournemouth,Bournemouth,45
Bournemouth,Bournemouth,45
Bournemouth,Bournemouth,58
Bournemouth,Bournemouth,58
Bournemouth,Bournemouth,60
Bournemouth,Bournemouth,60
Bournemouth,Bournemouth,61
Bournemouth,Bournemouth,61
Bournemouth,Bournemouth,62
Bournemouth,Bournemouth,62
Bournemouth,Bournemouth,63
Bournemouth,Bournemouth,63
Bournemouth,Bournemouth,63
Bournemouth,Bournemouth,63
Bournemouth,Bournemouth,63
Bournemouth,Bournemouth,63
Bournemouth,Bournemouth,63
Bournemouth,Bournemouth,63
Bournemouth,Bournemouth,63
Bournemouth,Bournemouth,63
Bournemouth,Bournemouth,64
Bournemouth,Bournemouth,64
Bournemouth,Bournemouth,64
Bournemouth,Bournemouth,64
Bournemouth,Bournemouth,64
Bournemouth,Bournemouth,64
Bournemouth,Bournemouth,64
Bournemouth,Bournemouth,65
Bournemouth,Bournemouth,65
Bournemouth,Bournemouth,65
Bournemouth,Bournemouth,65
Bournemouth,Bournemouth,65
Bournemouth,Bournemouth,65
Bournemouth,Bournemouth,66
Bournemouth,Bournemouth,66
Bournemouth,Bournemouth,66
Bournemouth,Bournemouth,66
Bournemouth,Bournemouth,67
Bournemouth,Bournemouth,67
Bournemouth,Bournemouth,67
Bournemouth,Bournemouth,67
Bournemouth,Bournemouth,67
Bournemouth,Bournemouth,67
Bournemouth,Bournemouth,68
Bournemouth,Bournemouth,68
Bournemouth,Bournemouth,68
Bournemouth,Bournemouth,68
Bournemouth,Bournemouth,69
Bournemouth,Bournemouth,69
Bournemouth,Bournemouth,69
Bournemouth,Bournemouth,69
Bournemouth,Bournemouth,69
Bournemouth,Bournemouth,70
Bournemouth,Bournemouth,70
Bournemouth,Bournemouth,70
Bournemouth,Bournemouth,70
Bournemouth,Bournemouth,70
Bournemouth,Bournemouth,71
Bournemouth,Bournemouth,71
Bournemouth,Bournemouth,71
Bournemouth,Bournemouth,71
Bournemouth,Bournemouth,72
Bournemouth,Bournemouth,72
Bournemouth,Bournemouth,72
Bournemouth,Bournemouth,72
Bournemouth,Bournemouth,73
Bournemouth,Bournemouth,73
Bournemouth,Bournemouth,74
Bournemouth,Bournemouth,74
Bournemouth,Bournemouth,74
Bournemouth,Bournemouth,74
Bournemouth,Bournemouth,75
Bournemouth,Bournemouth,75
Bournemouth,Bournemouth,75
Bournemouth,Bournemouth,75
Bournemouth,Bournemouth,76
Bournemouth,Bournemouth,76
Bournemouth,Bournemouth,76
Bournemouth,Bournemouth,76
Bournemouth,Bournemouth,76
Bournemouth,Bournemouth,76
Bournemouth,Bournemouth,77
Bournemouth,Bournemouth,77
Bournemouth,Bournemouth,77
Bournemouth,Bournemouth,77
Bournemouth,Bournemouth,77
Bournemouth,Bournemouth,77
Bournemouth,Bournemouth,77
Bournemouth,Bournemouth,77
Bournemouth,Bournemouth,78
Bournemouth,Bournemouth,78
Bournemouth,Bournemouth,78
Bournemouth,Bournemouth,78
Bournemouth,Bournemouth,78
Bournemouth,Bournemouth,79
Bournemouth,Bournemouth,79
Bournemouth,Bournemouth,80
Bournemouth,Bournemouth,80
Bournemouth,Bournemouth,80
Bournemouth,Bournemouth,80
Bournemouth,Bournemouth,80
Bournemouth,Bournemouth,81
Bournemouth,Bournemouth,81
Bournemouth,Bournemouth,81
Bournemouth,Bournemouth,81
Bournemouth,Bournemouth,82
Bournemouth,Bournemouth,82
Bournemouth,Bournemouth,82
Bournemouth,Bournemouth,82
Bournemouth,Bournemouth,82
Bournemouth,Bournemouth,82
Bournemouth,Bournemouth,83
Bournemouth,Bournemouth,83
Bournemouth,Bournemouth,83
Bournemouth,Bournemouth,83
Bournemouth,Bournemouth,84
Bournemouth,Bournemouth,84
Bournemouth,Bournemouth,84
Bournemouth,Bournemouth,85
Bournemouth,Bournemouth,85
Bournemouth,Bournemouth,85
Bournemouth,Bournemouth,85
Bournemouth,Bournemouth,85
Bournemouth,Bournemouth,85
Bournemouth,Bournemouth,85
Bournemouth,Bournemouth,85
Bournemouth,Bournemouth,85
Bournemouth,Bournemouth,86
Bournemouth,Bournemouth,86
Bournemouth,Bournemouth,87
Bournemouth,Bournemouth,87
Bournemouth,Bournemouth,88
Bournemouth,Bournemouth,88
Bournemouth,Bournemouth,88
Bournemouth,Bournemouth,88
Bournemouth,Bournemouth,88
Bournemouth,Bournemouth,89
Bournemouth,Bournemouth,89
Bournemouth,Bournemouth,89
Bournemouth,Bournemouth,89
Bournemouth,Bournemouth,89
Bournemouth,Bournemouth,90
Bournemouth,Bournemouth,90
Bournemouth,Bournemouth,90
Bournemouth,Bournemouth,91
Bournemouth,Bournemouth,92
Bournemouth,Bournemouth,92
Bournemouth,Bournemouth,92
Bournemouth,Bournemouth,97
Bournemouth,Bournemouth,97
Bournemouth,Bournemouth,98
Brentford,Brentford,36
Brentford,Brentford,39
Brentford,Brentford,42
Brentford,Brentford,45
Brentford,Brentford,45
Brentford,Brentford,46
Brentford,Brentford,54
Brentford,Brentford,59
Brentford,Brentford,60
Brentford,Brentford,60
Brentford,Brentford,63
Brentford,Brentford,63
Brentford,Brentford,63
Brentford,Brentford,64
Brentford,Brentford,66
Brentford,Brentford,66
Brentford,Brentford,66
Brentford,Brentford,66
Brentford,Brentford,66
Brentford,Brentford,66
Brentford,Brentford,66
Brentford,Brentford,67
Brentford,Brentford,67
Brentford,Brentford,67
Brentford,Brentford,68
Brentford,Brentford,68
Brentford,Brentford,69
Brentford,Brentford,69
Brentford,Brentford,70
Brentford,Brentford,70
Brentford,Brentford,70
Brentford,Brentford,70
Brentford,Brentford,71
Brentford,Brentford,71
Brentford,Brentford,72
Brentford,Brentford,72
Brentford,Brentford,72
Brentford,Brentford,72
Brentford,Brentford,72
Brentford,Brentford,72
Brentford,Brentford,72
Brentford,Brentford,72
Brentford,Brentford,72
Brentford,Brentford,72
Brentford,Brentford,72
Brentford,Brentford,72
Brentford,Brentford,73
Brentford,Brentford,73
Brentford,Brentford,73
Brentford,Brentford,73
Brentford,Brentford,73
Brentford,Brentford,73
Brentford,Brentford,74
Brentford,Brentford,74
Brentford,Brentford,74
Brentford,Brentford,75
Brentford,Brentford,75
Brentford,Brentford,75
Brentford,Brentford,75
Brentford,Brentford,75
Brentford,Brentford,75
Brentford,Brentford,75
Brentford,Brentford,75
Brentford,Brentford,75
Brentford,Brentford,75
Brentford,Brentford,75
Brentford,Brentford,75
Brentford,Brentford,76
Brentford,Brentford,76
Brentford,Brentford,76
Brentford,Brentford,76
Brentford,Brentford,76
Brentford,Brentford,76
Brentford,Brentford,76
Brentford,Brentford,76
Brentford,Brentford,77
Brentford,Brentford,77
Brentford,Brentford,77
Brentford,Brentford,78
Brentford,Brentford,78
Brentford,Brentford,79
Brentford,Brentford,79
Brentford,Brentford,79
Brentford,Brentford,79
Brentford,Brentford,80
Brentford,Brentford,80
Brentford,Brentford,80
Brentford,Brentford,80
Brentford,Brentford,81
Brentford,Brentford,81
Brentford,Brentford,81
Brentford,Brentford,81
Brentford,Brentford,81
Brentford,Brentford,81
Brentford,Brentford,81
Brentford,Brentford,81
Brentford,Brentford,81
Brentford,Brentford,82
Brentford,Brentford,83
Brentford,Brentford,83
Brentford,Brentford,83
Brentford,Brentford,83
Brentford,Brentford,83
Brentford,Brentford,83
Brentford,Brentford,84
Brentford,Brentford,84
Brentford,Brentford,84
Brentford,Brentford,84
Brentford,Brentford,84
Brentford,Brentford,84
Brentford,Brentford,84
Brentford,Brentford,84
Brentford,Brentford,85
Brentford,Brentford,85
Brentford,Brentford,85
Brentford,Brentford,85
Brentford,Brentford,86
Brentford,Brentford,86
Brentford,Brentford,86
Brentford,Brentford,87
Brentford,Brentford,87
Brentford,Brentford,87
Brentford,Brentford,87
Brentford,Brentford,87
Brentford,Brentford,87
Brentford,Brentford,87
Brentford,Brentford,87
Brentford,Brentford,90
Brentford,Brentford,91
Brentford,Brentford,91
Brentford,Brentford,91
Brentford,Brentford,92
Brentford,Brentford,92
Brentford,Brentford,93
Brentford,Brentford,93
Brentford,Brentford,93
Brentford,Brentford,93
Brentford,Brentford,93
Brentford,Brentford,93
Brentford,Brentford,95
Brentford,Brentford,96
Brentford,Brentford,106
Brighton and Hove Albion,Brighton,9
Brighton and Hove Albion,Brighton,17
Brighton and Hove Albion,Brighton,45
Brighton and Hove Albion,Brighton,45
Brighton and Hove Albion,Brighton,45
Brighton and Hove Albion,Brighton,45
Brighton and Hove Albion,Brighton,45
Brighton and Hove Albion,Brighton,45
Brighton and Hove Albion,Brighton,45
Brighton and Hove Albion,Brighton,45
Brighton and Hove Albion,Brighton,45
Brighton and Hove Albion,Brighton,45
Brighton and Hove Albion,Brighton,45
Brighton and Hove Albion,Brighton,45
Brighton and Hove Albion,Brighton,47
Brighton and Hove Albion,Brighton,54
Brighton and Hove Albion,Brighton,56
Brighton and Hove Albion,Brighton,57
Brighton and Hove Albion,Brighton,57
Brighton and Hove Albion,Brighton,57
Brighton and Hove Albion,Brighton,58
Brighton and Hove Albion,Brighton,58
Brighton and Hove Albion,Brighton,58
Brighton and Hove Albion,Brighton,59
Brighton and Hove Albion,Brighton,59
Brighton and Hove Albion,Brighton,59
Brighton and Hove Albion,Brighton,60
Brighton and Hove Albion,Brighton,62
Brighton and Hove Albion,Brighton,62
Brighton and Hove Albion,Brighton,62
Brighton and Hove Albion,Brighton,62
Brighton and Hove Albion,Brighton,62
Brighton and Hove Albion,Brighton,63
Brighton and Hove Albion,Brighton,63
Brighton and Hove Albion,Brighton,63
Brighton and Hove Albion,Brighton,63
Brighton and Hove Albion,Brighton,63
Brighton and Hove Albion,Brighton,64
Brighton and Hove Albion,Brighton,64
Brighton and Hove Albion,Brighton,65
Brighton and Hove Albion,Brighton,65
Brighton and Hove Albion,Brighton,65
Brighton and Hove Albion,Brighton,65
Brighton and Hove Albion,Brighton,66
Brighton and Hove Albion,Brighton,66
Brighton and Hove Albion,Brighton,67
Brighton and Hove Albion,Brighton,67
Brighton and Hove Albion,Brighton,67
Brighton and Hove Albion,Brighton,67
Brighton and Hove Albion,Brighton,67
Brighton and Hove Albion,Brighton,67
Brighton and Hove Albion,Brighton,67
Brighton and Hove Albion,Brighton,67
Brighton and Hove Albion,Brighton,68
Brighton and Hove Albion,Brighton,68
Brighton and Hove Albion,Brighton,68
Brighton and Hove Albion,Brighton,69
Brighton and Hove Albion,Brighton,69
Brighton and Hove Albion,Brighton,69
Brighton and Hove Albion,Brighton,69
Brighton and Hove Albion,Brighton,69
Brighton and Hove Albion,Brighton,69
Brighton and Hove Albion,Brighton,70
Brighton and Hove Albion,Brighton,70
Brighton and Hove Albion,Brighton,70
Brighton and Hove Albion,Brighton,70
Brighton and Hove Albion,Brighton,71
Brighton and Hove Albion,Brighton,71
Brighton and Hove Albion,Brighton,71
Brighton and Hove Albion,Brighton,71
Brighton and Hove Albion,Brighton,71
Brighton and Hove Albion,Brighton,71
Brighton and Hove Albion,Brighton,72
Brighton and Hove Albion,Brighton,72
Brighton and Hove Albion,Brighton,72
Brighton and Hove Albion,Brighton,72
Brighton and Hove Albion,Brighton,72
Brighton and Hove Albion,Brighton,72
Brighton and Hove Albion,Brighton,72
Brighton and Hove Albion,Brighton,72
Brighton and Hove Albion,Brighton,72
Brighton and Hove Albion,Brighton,72
Brighton and Hove Albion,Brighton,72
Brighton and Hove Albion,Brighton,72
Brighton and Hove Albion,Brighton,72
Brighton and Hove Albion,Brighton,72
Brighton and Hove Albion,Brighton,72
Brighton and Hove Albion,Brighton,72
Brighton and Hove Albion,Brighton,72
Brighton and Hove Albion,Brighton,72
Brighton and Hove Albion,Brighton,72
Brighton and Hove Albion,Brighton,73
Brighton and Hove Albion,Brighton,73
Brighton and Hove Albion,Brighton,73
Brighton and Hove Albion,Brighton,73
Brighton and Hove Albion,Brighton,73
Brighton and Hove Albion,Brighton,73
Brighton and Hove Albion,Brighton,74
Brighton and Hove Albion,Brighton,74
Brighton and Hove Albion,Brighton,74
Brighton and Hove Albion,Brighton,74
Brighton and Hove Albion,Brighton,75
Brighton and Hove Albion,Brighton,75
Brighton and Hove Albion,Brighton,75
Brighton and Hove Albion,Brighton,76
Brighton and Hove Albion,Brighton,76
Brighton and Hove Albion,Brighton,76
Brighton and Hove Albion,Brighton,76
Brighton and Hove Albion,Brighton,76
Brighton and Hove Albion,Brighton,77
Brighton and Hove Albion,Brighton,77
Brighton and Hove Albion,Brighton,77
Brighton and Hove Albion,Brighton,77
Brighton and Hove Albion,Brighton,78
Brighton and Hove Albion,Brighton,78
Brighton and Hove Albion,Brighton,79
Brighton and Hove Albion,Brighton,79
Brighton and Hove Albion,Brighton,79
Brighton and Hove Albion,Brighton,79
Brighton and Hove Albion,Brighton,79
Brighton and Hove Albion,Brighton,80
Brighton and Hove Albion,Brighton,80
Brighton and Hove Albion,Brighton,80
Brighton and Hove Albion,Brighton,80
Brighton and Hove Albion,Brighton,80
Brighton and Hove Albion,Brighton,81
Brighton and Hove Albion,Brighton,81
Brighton and Hove Albion,Brighton,81
Brighton and Hove Albion,Brighton,81
Brighton and Hove Albion,Brighton,82
Brighton and Hove Albion,Brighton,82
Brighton and Hove Albion,Brighton,82
Brighton and Hove Albion,Brighton,82
Brighton and Hove Albion,Brighton,82
Brighton and Hove Albion,Brighton,82
Brighton and Hove Albion,Brighton,82
Brighton and Hove Albion,Brighton,83
Brighton and Hove Albion,Brighton,83
Brighton and Hove Albion,Brighton,83
Brighton and Hove Albion,Brighton,84
Brighton and Hove Albion,Brighton,84
Brighton and Hove Albion,Brighton,84
Brighton and Hove Albion,Brighton,84
Brighton and Hove Albion,Brighton,84
Brighton and Hove Albion,Brighton,84
Brighton and Hove Albion,Brighton,84
Brighton and Hove Albion,Brighton,85
Brighton and Hove Albion,Brighton,85
Brighton and Hove Albion,Brighton,85
Brighton and Hove Albion,Brighton,85
Brighton and Hove Albion,Brighton,85
Brighton and Hove Albion,Brighton,86
Brighton and Hove Albion,Brighton,86
Brighton and Hove Albion,Brighton,86
Brighton and Hove Albion,Brighton,86
Brighton and Hove Albion,Brighton,86
Brighton and Hove Albion,Brighton,87
Brighton and Hove Albion,Brighton,87
Brighton and Hove Albion,Brighton,87
Brighton and Hove Albion,Brighton,87
Brighton and Hove Albion,Brighton,88
Brighton and Hove Albion,Brighton,88
Brighton and Hove Albion,Brighton,88
Brighton and Hove Albion,Brighton,88
Brighton and Hove Albion,Brighton,89
Brighton and Hove Albion,Brighton,89
Brighton and Hove Albion,Brighton,89
Brighton and Hove Albion,Brighton,89
Brighton and Hove Albion,Brighton,89
Brighton and Hove Albion,Brighton,90
Brighton and Hove Albion,Brighton,90
Brighton and Hove Albion,Brighton,90
Brighton and Hove Albion,Brighton,90
Brighton and Hove Albion,Brighton,90
Brighton and Hove Albion,Brighton,91
Brighton and Hove Albion,Brighton,93
Brighton and Hove Albion,Brighton,93
Brighton and Hove Albion,Brighton,94
Brighton and Hove Albion,Brighton,94
Brighton and Hove Albion,Brighton,94
Brighton and Hove Albion,Brighton,94
Brighton and Hove Albion,Brighton,95
Brighton and Hove Albion,Brighton,95
Brighton and Hove Albion,Brighton,110
Chelsea,Chelsea,8
Chelsea,Chelsea,21
Chelsea,Chelsea,45
Chelsea,Chelsea,45
Chelsea,Chelsea,45
Chelsea,Chelsea,45
Chelsea,Chelsea,45
Chelsea,Chelsea,45
Chelsea,Chelsea,45
Chelsea,Chelsea,45
Chelsea,Chelsea,45
Chelsea,Chelsea,45
Chelsea,Chelsea,52
Chelsea,Chelsea,52
Chelsea,Chelsea,53
Chelsea,Chelsea,53
Chelsea,Chelsea,53
Chelsea,Chelsea,55
Chelsea,Chelsea,56
Chelsea,Chelsea,57
Chelsea,Chelsea,57
Chelsea,Chelsea,58
Chelsea,Chelsea,58
Chelsea,Chelsea,59
Chelsea,Chelsea,59
Chelsea,Chelsea,60
Chelsea,Chelsea,61
Chelsea,Chelsea,61
Chelsea,Chelsea,61
Chelsea,Chelsea,61
Chelsea,Chelsea,62
Chelsea,Chelsea,62
Chelsea,Chelsea,62
Chelsea,Chelsea,63
Chelsea,Chelsea,64
Chelsea,Chelsea,64
Chelsea,Chelsea,65
Chelsea,Chelsea,65
Chelsea,Chelsea,65
Chelsea,Chelsea,65
Chelsea,Chelsea,66
Chelsea,Chelsea,66
Chelsea,Chelsea,67
Chelsea,Chelsea,67
Chelsea,Chelsea,68
Chelsea,Chelsea,68
Chelsea,Chelsea,68
Chelsea,Chelsea,68
Chelsea,Chelsea,68
Chelsea,Chelsea,68
Chelsea,Chelsea,68
Chelsea,Chelsea,70
Chelsea,Chelsea,71
Chelsea,Chelsea,71
Chelsea,Chelsea,71
Chelsea,Chelsea,71
Chelsea,Chelsea,71
Chelsea,Chelsea,71
Chelsea,Chelsea,72
Chelsea,Chelsea,72
Chelsea,Chelsea,72
Chelsea,Chelsea,73
Chelsea,Chelsea,73
Chelsea,Chelsea,73
Chelsea,Chelsea,73
Chelsea,Chelsea,73
Chelsea,Chelsea,74
Chelsea,Chelsea,75
Chelsea,Chelsea,75
Chelsea,Chelsea,75
Chelsea,Chelsea,76
Chelsea,Chelsea,76
Chelsea,Chelsea,76
Chelsea,Chelsea,76
Chelsea,Chelsea,76
Chelsea,Chelsea,76
Chelsea,Chelsea,76
Chelsea,Chelsea,77
Chelsea,Chelsea,77
Chelsea,Chelsea,77
Chelsea,Chelsea,77
Chelsea,Chelsea,77
Chelsea,Chelsea,78
Chelsea,Chelsea,78
Chelsea,Chelsea,78
Chelsea,Chelsea,78
Chelsea,Chelsea,78
Chelsea,Chelsea,78
Chelsea,Chelsea,79
Chelsea,Chelsea,79
Chelsea,Chelsea,79
Chelsea,Chelsea,79
Chelsea,Chelsea,79
Chelsea,Chelsea,80
Chelsea,Chelsea,81
Chelsea,Chelsea,81
Chelsea,Chelsea,81
Chelsea,Chelsea,81
Chelsea,Chelsea,81
Chelsea,Chelsea,81
Chelsea,Chelsea,81
Chelsea,Chelsea,81
Chelsea,Chelsea,82
Chelsea,Chelsea,82
Chelsea,Chelsea,82
Chelsea,Chelsea,82
Chelsea,Chelsea,82
Chelsea,Chelsea,83
Chelsea,Chelsea,83
Chelsea,Chelsea,83
Chelsea,Chelsea,84
Chelsea,Chelsea,84
Chelsea,Chelsea,84
Chelsea,Chelsea,85
Chelsea,Chelsea,86
Chelsea,Chelsea,86
Chelsea,Chelsea,86
Chelsea,Chelsea,86
Chelsea,Chelsea,86
Chelsea,Chelsea,86
Chelsea,Chelsea,86
Chelsea,Chelsea,86
Chelsea,Chelsea,87
Chelsea,Chelsea,88
Chelsea,Chelsea,88
Chelsea,Chelsea,89
Chelsea,Chelsea,89
Chelsea,Chelsea,90
Chelsea,Chelsea,90
Chelsea,Chelsea,90
Chelsea,Chelsea,90
Chelsea,Chelsea,90
Chelsea,Chelsea,91
Chelsea,Chelsea,91
Chelsea,Chelsea,91
Chelsea,Chelsea,91
Chelsea,Chelsea,91
Chelsea,Chelsea,91
Chelsea,Chelsea,91
Chelsea,Chelsea,93
Crystal Palace,Crystal Palace,17
Crystal Palace,Crystal Palace,20
Crystal Palace,Crystal Palace,22
Crystal Palace,Crystal Palace,45
Crystal Palace,Crystal Palace,45
Crystal Palace,Crystal Palace,45
Crystal Palace,Crystal Palace,45
Crystal Palace,Crystal Palace,45
Crystal Palace,Crystal Palace,45
Crystal Palace,Crystal Palace,45
Crystal Palace,Crystal Palace,45
Crystal Palace,Crystal Palace,45
Crystal Palace,Crystal Palace,45
Crystal Palace,Crystal Palace,50
Crystal Palace,Crystal Palace,53
Crystal Palace,Crystal Palace,56
Crystal Palace,Crystal Palace,57
Crystal Palace,Crystal Palace,57
Crystal Palace,Crystal Palace,58
Crystal Palace,Crystal Palace,58
Crystal Palace,Crystal Palace,59
Crystal Palace,Crystal Palace,59
Crystal Palace,Crystal Palace,60
Crystal Palace,Crystal Palace,60
Crystal Palace,Crystal Palace,60
Crystal Palace,Crystal Palace,60
Crystal Palace,Crystal Palace,60
Crystal Palace,Crystal Palace,60
Crystal Palace,Crystal Palace,60
Crystal Palace,Crystal Palace,61
Crystal Palace,Crystal Palace,61
Crystal Palace,Crystal Palace,61
Crystal Palace,Crystal Palace,61
Crystal Palace,Crystal Palace,62
Crystal Palace,Crystal Palace,62
Crystal Palace,Crystal Palace,62
Crystal Palace,Crystal Palace,62
Crystal Palace,Crystal Palace,62
Crystal Palace,Crystal Palace,63
Crystal Palace,Crystal Palace,63
Crystal Palace,Crystal Palace,63
Crystal Palace,Crystal Palace,63
Crystal Palace,Crystal Palace,63
Crystal Palace,Crystal Palace,63
Crystal Palace,Crystal Palace,63
Crystal Palace,Crystal Palace,64
Crystal Palace,Crystal Palace,64
Crystal Palace,Crystal Palace,65
Crystal Palace,Crystal Palace,66
Crystal Palace,Crystal Palace,66
Crystal Palace,Crystal Palace,67
Crystal Palace,Crystal Palace,68
Crystal Palace,Crystal Palace,68
Crystal Palace,Crystal Palace,68
Crystal Palace,Crystal Palace,68
Crystal Palace,Crystal Palace,69
Crystal Palace,Crystal Palace,69
Crystal Palace,Crystal Palace,70
Crystal Palace,Crystal Palace,71
Crystal Palace,Crystal Palace,71
Crystal Palace,Crystal Palace,72
Crystal Palace,Crystal Palace,72
Crystal Palace,Crystal Palace,72
Crystal Palace,Crystal Palace,72
Crystal Palace,Crystal Palace,73
Crystal Palace,Crystal Palace,74
Crystal Palace,Crystal Palace,74
Crystal Palace,Crystal Palace,74
Crystal Palace,Crystal Palace,74
Crystal Palace,Crystal Palace,74
Crystal Palace,Crystal Palace,75
Crystal Palace,Crystal Palace,75
Crystal Palace,Crystal Palace,75
Crystal Palace,Crystal Palace,76
Crystal Palace,Crystal Palace,76
Crystal Palace,Crystal Palace,76
Crystal Palace,Crystal Palace,76
Crystal Palace,Crystal Palace,77
Crystal Palace,Crystal Palace,77
Crystal Palace,Crystal Palace,78
Crystal Palace,Crystal Palace,78
Crystal Palace,Crystal Palace,78
Crystal Palace,Crystal Palace,79
Crystal Palace,Crystal Palace,79
Crystal Palace,Crystal Palace,79
Crystal Palace,Crystal Palace,79
Crystal Palace,Crystal Palace,80
Crystal Palace,Crystal Palace,80
Crystal Palace,Crystal Palace,80
Crystal Palace,Crystal Palace,80
Crystal Palace,Crystal Palace,80
Crystal Palace,Crystal Palace,80
Crystal Palace,Crystal Palace,81
Crystal Palace,Crystal Palace,81
Crystal Palace,Crystal Palace,81
Crystal Palace,Crystal Palace,81
Crystal Palace,Crystal Palace,81
Crystal Palace,Crystal Palace,81
Crystal Palace,Crystal Palace,81
Crystal Palace,Crystal Palace,82
Crystal Palace,Crystal Palace,82
Crystal Palace,Crystal Palace,82
Crystal Palace,Crystal Palace,83
Crystal Palace,Crystal Palace,84
Crystal Palace,Crystal Palace,84
Crystal Palace,Crystal Palace,84
Crystal Palace,Crystal Palace,84
Crystal Palace,Crystal Palace,84
Crystal Palace,Crystal Palace,85
Crystal Palace,Crystal Palace,85
Crystal Palace,Crystal Palace,85
Crystal Palace,Crystal Palace,86
Crystal Palace,Crystal Palace,86
Crystal Palace,Crystal Palace,86
Crystal Palace,Crystal Palace,86
Crystal Palace,Crystal Palace,86
Crystal Palace,Crystal Palace,86
Crystal Palace,Crystal Palace,87
Crystal Palace,Crystal Palace,87
Crystal Palace,Crystal Palace,87
Crystal Palace,Crystal Palace,87
Crystal Palace,Crystal Palace,88
Crystal Palace,Crystal Palace,88
Crystal Palace,Crystal Palace,88
Crystal Palace,Crystal Palace,88
Crystal Palace,Crystal Palace,88
Crystal Palace,Crystal Palace,88
Crystal Palace,Crystal Palace,88
Crystal Palace,Crystal Palace,88
Crystal Palace,Crystal Palace,88
Crystal Palace,Crystal Palace,89
Crystal Palace,Crystal Palace,89
Crystal Palace,Crystal Palace,90
Crystal Palace,Crystal Palace,90
Crystal Palace,Crystal Palace,90
Crystal Palace,Crystal Palace,90
Crystal Palace,Crystal Palace,90
Crystal Palace,Crystal Palace,90
Crystal Palace,Crystal Palace,90
Crystal Palace,Crystal Palace,90
Crystal Palace,Crystal Palace,90
Crystal Palace,Crystal Palace,91
Crystal Palace,Crystal Palace,91
Crystal Palace,Crystal Palace,92
Crystal Palace,Crystal Palace,92
Crystal Palace,Crystal Palace,93
Crystal Palace,Crystal Palace,94
Crystal Palace,Crystal Palace,97
Everton,Everton,13
Everton,Everton,18
Everton,Everton,25
Everton,Everton,26
Everton,Everton,32
Everton,Everton,45
Everton,Everton,45
Everton,Everton,45
Everton,Everton,45
Everton,Everton,45
Everton,Everton,52
Everton,Everton,54
Everton,Everton,57
Everton,Everton,57
Everton,Everton,57
Everton,Everton,59
Everton,Everton,61
Everton,Everton,61
Everton,Everton,61
Everton,Everton,62
Everton,Everton,62
Everton,Everton,62
Everton,Everton,63
Everton,Everton,63
Everton,Everton,63
Everton,Everton,63
Everton,Everton,63
Everton,Everton,64
Everton,Everton,64
Everton,Everton,64
Everton,Everton,64
Everton,Everton,64
Everton,Everton,65
Everton,Everton,65
Everton,Everton,65
Everton,Everton,65
Everton,Everton,66
Everton,Everton,66
Everton,Everton,66
Everton,Everton,66
Everton,Everton,67
Everton,Everton,67
Everton,Everton,68
Everton,Everton,68
Everton,Everton,68
Everton,Everton,68
Everton,Everton,68
Everton,Everton,69
Everton,Everton,70
Everton,Everton,70
Everton,Everton,72
Everton,Everton,72
Everton,Everton,72
Everton,Everton,73
Everton,Everton,73
Everton,Everton,73
Everton,Everton,74
Everton,Everton,74
Everton,Everton,74
Everton,Everton,75
Everton,Everton,75
Everton,Everton,75
Everton,Everton,75
Everton,Everton,75
Everton,Everton,75
Everton,Everton,75
Everton,Everton,75
Everton,Everton,76
Everton,Everton,76
Everton,Everton,76
Everton,Everton,77
Everton,Everton,77
Everton,Everton,77
Everton,Everton,78
Everton,Everton,78
Everton,Everton,78
Everton,Everton,78
Everton,Everton,78
Everton,Everton,79
Everton,Everton,79
Everton,Everton,79
Everton,Everton,79
Everton,Everton,79
Everton,Everton,79
Everton,Everton,79
Everton,Everton,80
Everton,Everton,80
Everton,Everton,81
Everton,Everton,81
Everton,Everton,81
Everton,Everton,81
Everton,Everton,81
Everton,Everton,81
Everton,Everton,81
Everton,Everton,81
Everton,Everton,81
Everton,Everton,81
Everton,Everton,82
Everton,Everton,82
Everton,Everton,82
Everton,Everton,83
Everton,Everton,83
Everton,Everton,83
Everton,Everton,83
Everton,Everton,83
Everton,Everton,83
Everton,Everton,83
Everton,Everton,84
Everton,Everton,84
Everton,Everton,85
Everton,Everton,86
Everton,Everton,86
Everton,Everton,86
Everton,Everton,86
Everton,Everton,87
Everton,Everton,87
Everton,Everton,88
Everton,Everton,88
Everton,Everton,88
Everton,Everton,88
Everton,Everton,88
Everton,Everton,88
Everton,Everton,89
Everton,Everton,90
Everton,Everton,90
Everton,Everton,90
Everton,Everton,90
Everton,Everton,91
Everton,Everton,91
Everton,Everton,91
Everton,Everton,92
Fulham,Fulham,45
Fulham,Fulham,45
Fulham,Fulham,45
Fulham,Fulham,45
Fulham,Fulham,45
Fulham,Fulham,45
Fulham,Fulham,53
Fulham,Fulham,55
Fulham,Fulham,57
Fulham,Fulham,57
Fulham,Fulham,57
Fulham,Fulham,58
Fulham,Fulham,58
Fulham,Fulham,59
Fulham,Fulham,59
Fulham,Fulham,59
Fulham,Fulham,60
Fulham,Fulham,60
Fulham,Fulham,61
Fulham,Fulham,61
Fulham,Fulham,62
Fulham,Fulham,62
Fulham,Fulham,62
Fulham,Fulham,62
Fulham,Fulham,63
Fulham,Fulham,63
Fulham,Fulham,63
Fulham,Fulham,63
Fulham,Fulham,63
Fulham,Fulham,64
Fulham,Fulham,64
Fulham,Fulham,65
Fulham,Fulham,65
Fulham,Fulham,65
Fulham,Fulham,66
Fulham,Fulham,66
Fulham,Fulham,66
Fulham,Fulham,66
Fulham,Fulham,66
Fulham,Fulham,67
Fulham,Fulham,67
Fulham,Fulham,67
Fulham,Fulham,67
Fulham,Fulham,67
Fulham,Fulham,67
Fulham,Fulham,67
Fulham,Fulham,67
Fulham,Fulham,67
Fulham,Fulham,68
Fulham,Fulham,68
Fulham,Fulham,68
Fulham,Fulham,68
Fulham,Fulham,68
Fulham,Fulham,68
Fulham,Fulham,68
Fulham,Fulham,68
Fulham,Fulham,69
Fulham,Fulham,69
Fulham,Fulham,69
Fulham,Fulham,69
Fulham,Fulham,69
Fulham,Fulham,69
Fulham,Fulham,69
Fulham,Fulham,71
Fulham,Fulham,71
Fulham,Fulham,71
Fulham,Fulham,71
Fulham,Fulham,71
Fulham,Fulham,71
Fulham,Fulham,72
Fulham,Fulham,72
Fulham,Fulham,72
Fulham,Fulham,72
Fulham,Fulham,72
Fulham,Fulham,72
Fulham,Fulham,73
Fulham,Fulham,73
Fulham,Fulham,73
Fulham,Fulham,73
Fulham,Fulham,73
Fulham,Fulham,73
Fulham,Fulham,74
Fulham,Fulham,74
Fulham,Fulham,74
Fulham,Fulham,74
Fulham,Fulham,74
Fulham,Fulham,74
Fulham,Fulham,74
Fulham,Fulham,75
Fulham,Fulham,75
Fulham,Fulham,76
Fulham,Fulham,76
Fulham,Fulham,76
Fulham,Fulham,76
Fulham,Fulham,76
Fulham,Fulham,76
Fulham,Fulham,76
Fulham,Fulham,76
Fulham,Fulham,77
Fulham,Fulham,77
Fulham,Fulham,77
Fulham,Fulham,77
Fulham,Fulham,77
Fulham,Fulham,78
Fulham,Fulham,78
Fulham,Fulham,78
Fulham,Fulham,78
Fulham,Fulham,78
Fulham,Fulham,79
Fulham,Fulham,79
Fulham,Fulham,79
Fulham,Fulham,79
Fulham,Fulham,79
Fulham,Fulham,79
Fulham,Fulham,79
Fulham,Fulham,79
Fulham,Fulham,80
Fulham,Fulham,80
Fulham,Fulham,80
Fulham,Fulham,80
Fulham,Fulham,80
Fulham,Fulham,80
Fulham,Fulham,80
Fulham,Fulham,80
Fulham,Fulham,80
Fulham,Fulham,80
Fulham,Fulham,81
Fulham,Fulham,82
Fulham,Fulham,82
Fulham,Fulham,82
Fulham,Fulham,82
Fulham,Fulham,82
Fulham,Fulham,82
Fulham,Fulham,82
Fulham,Fulham,82
Fulham,Fulham,82
Fulham,Fulham,82
Fulham,Fulham,83
Fulham,Fulham,83
Fulham,Fulham,83
Fulham,Fulham,83
Fulham,Fulham,83
Fulham,Fulham,83
Fulham,Fulham,84
Fulham,Fulham,84
Fulham,Fulham,84
Fulham,Fulham,85
Fulham,Fulham,85
Fulham,Fulham,85
Fulham,Fulham,85
Fulham,Fulham,86
Fulham,Fulham,86
Fulham,Fulham,86
Fulham,Fulham,86
Fulham,Fulham,86
Fulham,Fulham,86
Fulham,Fulham,87
Fulham,Fulham,87
Fulham,Fulham,87
Fulham,Fulham,87
Fulham,Fulham,87
Fulham,Fulham,87
Fulham,Fulham,88
Fulham,Fulham,88
Fulham,Fulham,89
Fulham,Fulham,89
Fulham,Fulham,89
Fulham,Fulham,89
Fulham,Fulham,90
Fulham,Fulham,90
Fulham,Fulham,91
Fulham,Fulham,91
Fulham,Fulham,91
Fulham,Fulham,91
Fulham,Fulham,91
Fulham,Fulham,91
Fulham,Fulham,92
Fulham,Fulham,92
Fulham,Fulham,92
Fulham,Fulham,92
Fulham,Fulham,92
Ipswich Town,Ipswich,17
Ipswich Town,Ipswich,29
Ipswich Town,Ipswich,35
Ipswich Town,Ipswich,35
Ipswich Town,Ipswich,40
Ipswich Town,Ipswich,45
Ipswich Town,Ipswich,45
Ipswich Town,Ipswich,45
Ipswich Town,Ipswich,45
Ipswich Town,Ipswich,45
Ipswich Town,Ipswich,45
Ipswich Town,Ipswich,52
Ipswich Town,Ipswich,57
Ipswich Town,Ipswich,57
Ipswich Town,Ipswich,59
Ipswich Town,Ipswich,59
Ipswich Town,Ipswich,59
Ipswich Town,Ipswich,61
Ipswich Town,Ipswich,61
Ipswich Town,Ipswich,61
Ipswich Town,Ipswich,61
Ipswich Town,Ipswich,62
Ipswich Town,Ipswich,62
Ipswich Town,Ipswich,62
Ipswich Town,Ipswich,62
Ipswich Town,Ipswich,63
Ipswich Town,Ipswich,63
Ipswich Town,Ipswich,64
Ipswich Town,Ipswich,64
Ipswich Town,Ipswich,64
Ipswich Town,Ipswich,64
Ipswich Town,Ipswich,65
Ipswich Town,Ipswich,65
Ipswich Town,Ipswich,65
Ipswich Town,Ipswich,65
Ipswich Town,Ipswich,65
Ipswich Town,Ipswich,66
Ipswich Town,Ipswich,66
Ipswich Town,Ipswich,66
Ipswich Town,Ipswich,66
Ipswich Town,Ipswich,66
Ipswich Town,Ipswich,67
Ipswich Town,Ipswich,67
Ipswich Town,Ipswich,68
Ipswich Town,Ipswich,68
Ipswich Town,Ipswich,68
Ipswich Town,Ipswich,68
Ipswich Town,Ipswich,69
Ipswich Town,Ipswich,69
Ipswich Town,Ipswich,70
Ipswich Town,Ipswich,70
Ipswich Town,Ipswich,70
Ipswich Town,Ipswich,70
Ipswich Town,Ipswich,71
Ipswich Town,Ipswich,71
Ipswich Town,Ipswich,71
Ipswich Town,Ipswich,71
Ipswich Town,Ipswich,71
Ipswich Town,Ipswich,71
Ipswich Town,Ipswich,71
Ipswich Town,Ipswich,71
Ipswich Town,Ipswich,71
Ipswich Town,Ipswich,71
Ipswich Town,Ipswich,71
Ipswich Town,Ipswich,71
Ipswich Town,Ipswich,71
Ipswich Town,Ipswich,71
Ipswich Town,Ipswich,72
Ipswich Town,Ipswich,72
Ipswich Town,Ipswich,72
Ipswich Town,Ipswich,72
Ipswich Town,Ipswich,72
Ipswich Town,Ipswich,72
Ipswich Town,Ipswich,73
Ipswich Town,Ipswich,73
Ipswich Town,Ipswich,73
Ipswich Town,Ipswich,73
Ipswich Town,Ipswich,73
Ipswich Town,Ipswich,73
Ipswich Town,Ipswich,73
Ipswich Town,Ipswich,73
Ipswich Town,Ipswich,73
Ipswich Town,Ipswich,73
Ipswich Town,Ipswich,74
Ipswich Town,Ipswich,74
Ipswich Town,Ipswich,74
Ipswich Town,Ipswich,74
Ipswich Town,Ipswich,74
Ipswich Town,Ipswich,74
Ipswich Town,Ipswich,75
Ipswich Town,Ipswich,75
Ipswich Town,Ipswich,75
Ipswich Town,Ipswich,75
Ipswich Town,Ipswich,76
Ipswich Town,Ipswich,76
Ipswich Town,Ipswich,77
Ipswich Town,Ipswich,77
Ipswich Town,Ipswich,77
Ipswich Town,Ipswich,78
Ipswich Town,Ipswich,78
Ipswich Town,Ipswich,78
Ipswich Town,Ipswich,78
Ipswich Town,Ipswich,79
Ipswich Town,Ipswich,79
Ipswich Town,Ipswich,79
Ipswich Town,Ipswich,79
Ipswich Town,Ipswich,79
Ipswich Town,Ipswich,79
Ipswich Town,Ipswich,79
Ipswich Town,Ipswich,79
Ipswich Town,Ipswich,79
Ipswich Town,Ipswich,80
Ipswich Town,Ipswich,80
Ipswich Town,Ipswich,80
Ipswich Town,Ipswich,80
Ipswich Town,Ipswich,80
Ipswich Town,Ipswich,80
Ipswich Town,Ipswich,80
Ipswich Town,Ipswich,80
Ipswich Town,Ipswich,80
Ipswich Town,Ipswich,80
Ipswich Town,Ipswich,80
Ipswich Town,Ipswich,80
Ipswich Town,Ipswich,80
Ipswich Town,Ipswich,81
Ipswich Town,Ipswich,81
Ipswich Town,Ipswich,81
Ipswich Town,Ipswich,81
Ipswich Town,Ipswich,81
Ipswich Town,Ipswich,81
Ipswich Town,Ipswich,81
Ipswich Town,Ipswich,81
Ipswich Town,Ipswich,81
Ipswich Town,Ipswich,81
Ipswich Town,Ipswich,82
Ipswich Town,Ipswich,82
Ipswich Town,Ipswich,82
Ipswich Town,Ipswich,82
Ipswich Town,Ipswich,82
Ipswich Town,Ipswich,82
Ipswich Town,Ipswich,83
Ipswich Town,Ipswich,83
Ipswich Town,Ipswich,83
Ipswich Town,Ipswich,83
Ipswich Town,Ipswich,83
Ipswich Town,Ipswich,84
Ipswich Town,Ipswich,84
Ipswich Town,Ipswich,84
Ipswich Town,Ipswich,84
Ipswich Town,Ipswich,84
Ipswich Town,Ipswich,85
Ipswich Town,Ipswich,85
Ipswich Town,Ipswich,86
Ipswich Town,Ipswich,86
Ipswich Town,Ipswich,86
Ipswich Town,Ipswich,88
Ipswich Town,Ipswich,88
Ipswich Town,Ipswich,88
Ipswich Town,Ipswich,88
Ipswich Town,Ipswich,88
Ipswich Town,Ipswich,89
Ipswich Town,Ipswich,89
Ipswich Town,Ipswich,89
Ipswich Town,Ipswich,90
Ipswich Town,Ipswich,91
Ipswich Town,Ipswich,91
Ipswich Town,Ipswich,91
Ipswich Town,Ipswich,91
Ipswich Town,Ipswich,91
Ipswich Town,Ipswich,91
Ipswich Town,Ipswich,91
Ipswich Town,Ipswich,91
Ipswich Town,Ipswich,92
Ipswich Town,Ipswich,93
Ipswich Town,Ipswich,94
Ipswich Town,Ipswich,94
Ipswich Town,Ipswich,95
Ipswich Town,Ipswich,95
Leicester City,Leicester,11
Leicester City,Leicester,35
Leicester City,Leicester,43
Leicester City,Leicester,45
Leicester City,Leicester,45
Leicester City,Leicester,45
Leicester City,Leicester,45
Leicester City,Leicester,45
Leicester City,Leicester,45
Leicester City,Leicester,45
Leicester City,Leicester,45
Leicester City,Leicester,45
Leicester City,Leicester,45
Leicester City,Leicester,45
Leicester City,Leicester,45
Leicester City,Leicester,46
Leicester City,Leicester,52
Leicester City,Leicester,53
Leicester City,Leicester,53
Leicester City,Leicester,55
Leicester City,Leicester,56
Leicester City,Leicester,59
Leicester City,Leicester,59
Leicester City,Leicester,59
Leicester City,Leicester,59
Leicester City,Leicester,60
Leicester City,Leicester,60
Leicester City,Leicester,60
Leicester City,Leicester,60
Leicester City,Leicester,60
Leicester City,Leicester,60
Leicester City,Leicester,60
Leicester City,Leicester,61
Leicester City,Leicester,61
Leicester City,Leicester,61
Leicester City,Leicester,61
Leicester City,Leicester,61
Leicester City,Leicester,61
Leicester City,Leicester,61
Leicester City,Leicester,62
Leicester City,Leicester,62
Leicester City,Leicester,62
Leicester City,Leicester,62
Leicester City,Leicester,63
Leicester City,Leicester,64
Leicester City,Leicester,64
Leicester City,Leicester,64
Leicester City,Leicester,64
Leicester City,Leicester,64
Leicester City,Leicester,64
Leicester City,Leicester,64
Leicester City,Leicester,64
Leicester City,Leicester,64
Leicester City,Leicester,65
Leicester City,Leicester,65
Leicester City,Leicester,66
Leicester City,Leicester,66
Leicester City,Leicester,66
Leicester City,Leicester,66
Leicester City,Leicester,67
Leicester City,Leicester,68
Leicester City,Leicester,68
Leicester City,Leicester,68
Leicester City,Leicester,68
Leicester City,Leicester,68
Leicester City,Leicester,70
Leicester City,Leicester,70
Leicester City,Leicester,70
Leicester City,Leicester,71
Leicester City,Leicester,71
Leicester City,Leicester,71
Leicester City,Leicester,71
Leicester City,Leicester,71
Leicester City,Leicester,71
Leicester City,Leicester,71
Leicester City,Leicester,71
Leicester City,Leicester,71
Leicester City,Leicester,72
Leicester City,Leicester,72
Leicester City,Leicester,72
Leicester City,Leicester,73
Leicester City,Leicester,74
Leicester City,Leicester,74
Leicester City,Leicester,74
Leicester City,Leicester,74
Leicester City,Leicester,74
Leicester City,Leicester,74
Leicester City,Leicester,75
Leicester City,Leicester,76
Leicester City,Leicester,76
Leicester City,Leicester,76
Leicester City,Leicester,76
Leicester City,Leicester,77
Leicester City,Leicester,77
Leicester City,Leicester,77
Leicester City,Leicester,77
Leicester City,Leicester,77
Leicester City,Leicester,79
Leicester City,Leicester,79
Leicester City,Leicester,79
Leicester City,Leicester,79
Leicester City,Leicester,80
Leicester City,Leicester,80
Leicester City,Leicester,80
Leicester City,Leicester,80
Leicester City,Leicester,80
Leicester City,Leicester,80
Leicester City,Leicester,81
Leicester City,Leicester,81
Leicester City,Leicester,82
Leicester City,Leicester,82
Leicester City,Leicester,82
Leicester City,Leicester,82
Leicester City,Leicester,82
Leicester City,Leicester,82
Leicester City,Leicester,82
Leicester City,Leicester,83
Leicester City,Leicester,83
Leicester City,Leicester,83
Leicester City,Leicester,83
Leicester City,Leicester,83
Leicester City,Leicester,83
Leicester City,Leicester,83
Leicester City,Leicester,83
Leicester City,Leicester,83
Leicester City,Leicester,84
Leicester City,Leicester,84
Leicester City,Leicester,84
Leicester City,Leicester,84
Leicester City,Leicester,84
Leicester City,Leicester,85
Leicester City,Leicester,85
Leicester City,Leicester,85
Leicester City,Leicester,85
Leicester City,Leicester,85
Leicester City,Leicester,85
Leicester City,Leicester,85
Leicester City,Leicester,85
Leicester City,Leicester,86
Leicester City,Leicester,86
Leicester City,Leicester,86
Leicester City,Leicester,86
Leicester City,Leicester,87
Leicester City,Leicester,87
Leicester City,Leicester,87
Leicester City,Leicester,87
Leicester City,Leicester,88
Leicester City,Leicester,88
Leicester City,Leicester,88
Leicester City,Leicester,88
Leicester City,Leicester,89
Leicester City,Leicester,89
Leicester City,Leicester,90
Leicester City,Leicester,90
Leicester City,Leicester,90
Leicester City,Leicester,91
Leicester City,Leicester,91
Leicester City,Leicester,91
Leicester City,Leicester,91
Leicester City,Leicester,92
Leicester City,Leicester,93
Leicester City,Leicester,93
Leicester City,Leicester,94
Leicester City,Leicester,94
Leicester City,Leicester,95
Leicester City,Leicester,98
Leicester City,Leicester,98
Leicester City,Leicester,98
Liverpool,Liverpool,25
Liverpool,Liverpool,30
Liverpool,Liverpool,37
Liverpool,Liverpool,45
Liverpool,Liverpool,45
Liverpool,Liverpool,45
Liverpool,Liverpool,45
Liverpool,Liverpool,45
Liverpool,Liverpool,45
Liverpool,Liverpool,45
Liverpool,Liverpool,45
Liverpool,Liverpool,55
Liverpool,Liverpool,55
Liverpool,Liverpool,57
Liverpool,Liverpool,57
Liverpool,Liverpool,58
Liverpool,Liverpool,58
Liverpool,Liverpool,60
Liverpool,Liverpool,60
Liverpool,Liverpool,60
Liverpool,Liverpool,60
Liverpool,Liverpool,60
Liverpool,Liverpool,60
Liverpool,Liverpool,61
Liverpool,Liverpool,61
Liverpool,Liverpool,61
Liverpool,Liverpool,61
Liverpool,Liverpool,61
Liverpool,Liverpool,61
Liverpool,Liverpool,61
Liverpool,Liverpool,62
Liverpool,Liverpool,62
Liverpool,Liverpool,62
Liverpool,Liverpool,62
Liverpool,Liverpool,63
Liverpool,Liverpool,63
Liverpool,Liverpool,63
Liverpool,Liverpool,63
Liverpool,Liverpool,63
Liverpool,Liverpool,63
Liverpool,Liverpool,64
Liverpool,Liverpool,64
Liverpool,Liverpool,65
Liverpool,Liverpool,65
Liverpool,Liverpool,65
Liverpool,Liverpool,65
Liverpool,Liverpool,65
Liverpool,Liverpool,66
Liverpool,Liverpool,66
Liverpool,Liverpool,66
Liverpool,Liverpool,66
Liverpool,Liverpool,66
Liverpool,Liverpool,66
Liverpool,Liverpool,66
Liverpool,Liverpool,66
Liverpool,Liverpool,67
Liverpool,Liverpool,67
Liverpool,Liverpool,67
Liverpool,Liverpool,67
Liverpool,Liverpool,67
Liverpool,Liverpool,67
Liverpool,Liverpool,67
Liverpool,Liverpool,68
Liverpool,Liverpool,68
Liverpool,Liverpool,68
Liverpool,Liverpool,68
Liverpool,Liverpool,68
Liverpool,Liverpool,68
Liverpool,Liverpool,68
Liverpool,Liverpool,68
Liverpool,Liverpool,68
Liverpool,Liverpool,68
Liverpool,Liverpool,69
Liverpool,Liverpool,69
Liverpool,Liverpool,69
Liverpool,Liverpool,69
Liverpool,Liverpool,69
Liverpool,Liverpool,70
Liverpool,Liverpool,70
Liverpool,Liverpool,70
Liverpool,Liverpool,70
Liverpool,Liverpool,71
Liverpool,Liverpool,71
Liverpool,Liverpool,71
Liverpool,Liverpool,72
Liverpool,Liverpool,72
Liverpool,Liverpool,72
Liverpool,Liverpool,72
Liverpool,Liverpool,73
Liverpool,Liverpool,73
Liverpool,Liverpool,73
Liverpool,Liverpool,73
Liverpool,Liverpool,73
Liverpool,Liverpool,73
Liverpool,Liverpool,73
Liverpool,Liverpool,74
Liverpool,Liverpool,74
Liverpool,Liverpool,74
Liverpool,Liverpool,75
Liverpool,Liverpool,75
Liverpool,Liverpool,75
Liverpool,Liverpool,75
Liverpool,Liverpool,76
Liverpool,Liverpool,76
Liverpool,Liverpool,76
Liverpool,Liverpool,76
Liverpool,Liverpool,77
Liverpool,Liverpool,77
Liverpool,Liverpool,77
Liverpool,Liverpool,77
Liverpool,Liverpool,77
Liverpool,Liverpool,78
Liverpool,Liverpool,78
Liverpool,Liverpool,79
Liverpool,Liverpool,79
Liverpool,Liverpool,79
Liverpool,Liverpool,79
Liverpool,Liverpool,79
Liverpool,Liverpool,79
Liverpool,Liverpool,79
Liverpool,Liverpool,79
Liverpool,Liverpool,80
Liverpool,Liverpool,80
Liverpool,Liverpool,80
Liverpool,Liverpool,80
Liverpool,Liverpool,81
Liverpool,Liverpool,81
Liverpool,Liverpool,81
Liverpool,Liverpool,82
Liverpool,Liverpool,82
Liverpool,Liverpool,83
Liverpool,Liverpool,83
Liverpool,Liverpool,83
Liverpool,Liverpool,83
Liverpool,Liverpool,84
Liverpool,Liverpool,85
Liverpool,Liverpool,85
Liverpool,Liverpool,86
Liverpool,Liverpool,86
Liverpool,Liverpool,86
Liverpool,Liverpool,86
Liverpool,Liverpool,86
Liverpool,Liverpool,87
Liverpool,Liverpool,87
Liverpool,Liverpool,87
Liverpool,Liverpool,87
Liverpool,Liverpool,87
Liverpool,Liverpool,87
Liverpool,Liverpool,87
Liverpool,Liverpool,88
Liverpool,Liverpool,88
Liverpool,Liverpool,89
Liverpool,Liverpool,89
Liverpool,Liverpool,89
Liverpool,Liverpool,89
Liverpool,Liverpool,90
Liverpool,Liverpool,91
Liverpool,Liverpool,91
Liverpool,Liverpool,91
Liverpool,Liverpool,91
Liverpool,Liverpool,91
Liverpool,Liverpool,92
Liverpool,Liverpool,92
Liverpool,Liverpool,93
Liverpool,Liverpool,94
Manchester City,Man City,21
Manchester City,Man City,45
Manchester City,Man City,45
Manchester City,Man City,45
Manchester City,Man City,45
Manchester City,Man City,45
Manchester City,Man City,45
Manchester City,Man City,45
Manchester City,Man City,50
Manchester City,Man City,54
Manchester City,Man City,57
Manchester City,Man City,57
Manchester City,Man City,58
Manchester City,Man City,58
Manchester City,Man City,58
Manchester City,Man City,61
Manchester City,Man City,61
Manchester City,Man City,61
Manchester City,Man City,61
Manchester City,Man City,62
Manchester City,Man City,62
Manchester City,Man City,63
Manchester City,Man City,63
Manchester City,Man City,63
Manchester City,Man City,66
Manchester City,Man City,66
Manchester City,Man City,66
Manchester City,Man City,66
Manchester City,Man City,68
Manchester City,Man City,68
Manchester City,Man City,69
Manchester City,Man City,69
Manchester City,Man City,69
Manchester City,Man City,70
Manchester City,Man City,70
Manchester City,Man City,71
Manchester City,Man City,71
Manchester City,Man City,71
Manchester City,Man City,72
Manchester City,Man City,72
Manchester City,Man City,72
Manchester City,Man City,72
Manchester City,Man City,72
Manchester City,Man City,72
Manchester City,Man City,73
Manchester City,Man City,73
Manchester City,Man City,73
Manchester City,Man City,74
Manchester City,Man City,74
Manchester City,Man City,74
Manchester City,Man City,74
Manchester City,Man City,74
Manchester City,Man City,74
Manchester City,Man City,74
Manchester City,Man City,74
Manchester City,Man City,74
Manchester City,Man City,74
Manchester City,Man City,74
Manchester City,Man City,75
Manchester City,Man City,76
Manchester City,Man City,76
Manchester City,Man City,76
Manchester City,Man City,76
Manchester City,Man City,76
Manchester City,Man City,76
Manchester City,Man City,77
Manchester City,Man City,77
Manchester City,Man City,77
Manchester City,Man City,78
Manchester City,Man City,78
Manchester City,Man City,78
Manchester City,Man City,78
Manchester City,Man City,78
Manchester City,Man City,78
Manchester City,Man City,78
Manchester City,Man City,78
Manchester City,Man City,78
Manchester City,Man City,79
Manchester City,Man City,80
Manchester City,Man City,81
Manchester City,Man City,81
Manchester City,Man City,82
Manchester City,Man City,82
Manchester City,Man City,82
Manchester City,Man City,83
Manchester City,Man City,83
Manchester City,Man City,84
Manchester City,Man City,84
Manchester City,Man City,84
Manchester City,Man City,84
Manchester City,Man City,84
Manchester City,Man City,84
Manchester City,Man City,84
Manchester City,Man City,85
Manchester City,Man City,85
Manchester City,Man City,85
Manchester City,Man City,85
Manchester City,Man City,85
Manchester City,Man City,85
Manchester City,Man City,86
Manchester City,Man City,86
Manchester City,Man City,86
Manchester City,Man City,86
Manchester City,Man City,87
Manchester City,Man City,87
Manchester City,Man City,87
Manchester City,Man City,87
Manchester City,Man City,87
Manchester City,Man City,87
Manchester City,Man City,88
Manchester City,Man City,88
Manchester City,Man City,88
Manchester City,Man City,89
Manchester City,Man City,89
Manchester City,Man City,90
Manchester City,Man City,90
Manchester City,Man City,90
Manchester City,Man City,90
Manchester City,Man City,90
Manchester City,Man City,90
Manchester City,Man City,91
Manchester City,Man City,91
Manchester City,Man City,92
Manchester City,Man City,92
Manchester City,Man City,92
Manchester City,Man City,92
Manchester City,Man City,92
Manchester City,Man City,93
Manchester City,Man City,94
Manchester City,Man City,96
Manchester City,Man City,97
Manchester United,Man Utd,14
Manchester United,Man Utd,20
Manchester United,Man Utd,33
Manchester United,Man Utd,35
Manchester United,Man Utd,45
Manchester United,Man Utd,45
Manchester United,Man Utd,45
Manchester United,Man Utd,45
Manchester United,Man Utd,45
Manchester United,Man Utd,45
Manchester United,Man Utd,45
Manchester United,Man Utd,45
Manchester United,Man Utd,45
Manchester United,Man Utd,45
Manchester United,Man Utd,45
Manchester United,Man Utd,45
Manchester United,Man Utd,45
Manchester United,Man Utd,45
Manchester United,Man Utd,45
Manchester United,Man Utd,51
Manchester United,Man Utd,52
Manchester United,Man Utd,52
Manchester United,Man Utd,53
Manchester United,Man Utd,53
Manchester United,Man Utd,54
Manchester United,Man Utd,55
Manchester United,Man Utd,55
Manchester United,Man Utd,55
Manchester United,Man Utd,55
Manchester United,Man Utd,56
Manchester United,Man Utd,56
Manchester United,Man Utd,56
Manchester United,Man Utd,56
Manchester United,Man Utd,57
Manchester United,Man Utd,57
Manchester United,Man Utd,57
Manchester United,Man Utd,58
Manchester United,Man Utd,58
Manchester United,Man Utd,58
Manchester United,Man Utd,59
Manchester United,Man Utd,59
Manchester United,Man Utd,59
Manchester United,Man Utd,59
Manchester United,Man Utd,59
Manchester United,Man Utd,59
Manchester United,Man Utd,59
Manchester United,Man Utd,59
Manchester United,Man Utd,59
Manchester United,Man Utd,59
Manchester United,Man Utd,59
Manchester United,Man Utd,61
Manchester United,Man Utd,61
Manchester United,Man Utd,61
Manchester United,Man Utd,62
Manchester United,Man Utd,63
Manchester United,Man Utd,63
Manchester United,Man Utd,63
Manchester United,Man Utd,64
Manchester United,Man Utd,64
Manchester United,Man Utd,64
Manchester United,Man Utd,64
Manchester United,Man Utd,64
Manchester United,Man Utd,65
Manchester United,Man Utd,65
Manchester United,Man Utd,65
Manchester United,Man Utd,65
Manchester United,Man Utd,65
Manchester United,Man Utd,66
Manchester United,Man Utd,66
Manchester United,Man Utd,66
Manchester United,Man Utd,66
Manchester United,Man Utd,66
Manchester United,Man Utd,66
Manchester United,Man Utd,67
Manchester United,Man Utd,68
Manchester United,Man Utd,68
Manchester United,Man Utd,69
Manchester United,Man Utd,69
Manchester United,Man Utd,69
Manchester United,Man Utd,69
Manchester United,Man Utd,69
Manchester United,Man Utd,70
Manchester United,Man Utd,70
Manchester United,Man Utd,70
Manchester United,Man Utd,70
Manchester United,Man Utd,70
Manchester United,Man Utd,70
Manchester United,Man Utd,70
Manchester United,Man Utd,71
Manchester United,Man Utd,71
Manchester United,Man Utd,72
Manchester United,Man Utd,72
Manchester United,Man Utd,73
Manchester United,Man Utd,73
Manchester United,Man Utd,73
Manchester United,Man Utd,73
Manchester United,Man Utd,74
Manchester United,Man Utd,74
Manchester United,Man Utd,75
Manchester United,Man Utd,75
Manchester United,Man Utd,76
Manchester United,Man Utd,76
Manchester United,Man Utd,76
Manchester United,Man Utd,76
Manchester United,Man Utd,76
Manchester United,Man Utd,76
Manchester United,Man Utd,76
Manchester United,Man Utd,76
Manchester United,Man Utd,77
Manchester United,Man Utd,78
Manchester United,Man Utd,78
Manchester United,Man Utd,78
Manchester United,Man Utd,78
Manchester United,Man Utd,78
Manchester United,Man Utd,79
Manchester United,Man Utd,79
Manchester United,Man Utd,79
Manchester United,Man Utd,79
Manchester United,Man Utd,79
Manchester United,Man Utd,79
Manchester United,Man Utd,79
Manchester United,Man Utd,79
Manchester United,Man Utd,80
Manchester United,Man Utd,81
Manchester United,Man Utd,81
Manchester United,Man Utd,81
Manchester United,Man Utd,81
Manchester United,Man Utd,81
Manchester United,Man Utd,81
Manchester United,Man Utd,81
Manchester United,Man Utd,82
Manchester United,Man Utd,82
Manchester United,Man Utd,82
Manchester United,Man Utd,82
Manchester United,Man Utd,83
Manchester United,Man Utd,83
Manchester United,Man Utd,83
Manchester United,Man Utd,84
Manchester United,Man Utd,84
Manchester United,Man Utd,84
Manchester United,Man Utd,84
Manchester United,Man Utd,84
Manchester United,Man Utd,84
Manchester United,Man Utd,85
Manchester United,Man Utd,85
Manchester United,Man Utd,85
Manchester United,Man Utd,86
Manchester United,Man Utd,86
Manchester United,Man Utd,86
Manchester United,Man Utd,87
Manchester United,Man Utd,87
Manchester United,Man Utd,88
Manchester United,Man Utd,88
Manchester United,Man Utd,89
Manchester United,Man Utd,90
Manchester United,Man Utd,90
Manchester United,Man Utd,91
Manchester United,Man Utd,91
Manchester United,Man Utd,91
Manchester United,Man Utd,93
Manchester United,Man Utd,93
Newcastle United,Newcastle,22
Newcastle United,Newcastle,30
Newcastle United,Newcastle,45
Newcastle United,Newcastle,45
Newcastle United,Newcastle,45
Newcastle United,Newcastle,45
Newcastle United,Newcastle,45
Newcastle United,Newcastle,45
Newcastle United,Newcastle,45
Newcastle United,Newcastle,45
Newcastle United,Newcastle,45
Newcastle United,Newcastle,45
Newcastle United,Newcastle,55
Newcastle United,Newcastle,56
Newcastle United,Newcastle,57
Newcastle United,Newcastle,58
Newcastle United,Newcastle,58
Newcastle United,Newcastle,58
Newcastle United,Newcastle,60
Newcastle United,Newcastle,60
Newcastle United,Newcastle,61
Newcastle United,Newcastle,62
Newcastle United,Newcastle,62
Newcastle United,Newcastle,62
Newcastle United,Newcastle,63
Newcastle United,Newcastle,63
Newcastle United,Newcastle,64
Newcastle United,Newcastle,64
Newcastle United,Newcastle,64
Newcastle United,Newcastle,64
Newcastle United,Newcastle,64
Newcastle United,Newcastle,64
Newcastle United,Newcastle,64
Newcastle United,Newcastle,64
Newcastle United,Newcastle,64
Newcastle United,Newcastle,64
Newcastle United,Newcastle,64
Newcastle United,Newcastle,65
Newcastle United,Newcastle,65
Newcastle United,Newcastle,65
Newcastle United,Newcastle,65
Newcastle United,Newcastle,65
Newcastle United,Newcastle,65
Newcastle United,Newcastle,66
Newcastle United,Newcastle,66
Newcastle United,Newcastle,66
Newcastle United,Newcastle,66
Newcastle United,Newcastle,66
Newcastle United,Newcastle,67
Newcastle United,Newcastle,67
Newcastle United,Newcastle,68
Newcastle United,Newcastle,68
Newcastle United,Newcastle,68
Newcastle United,Newcastle,68
Newcastle United,Newcastle,68
Newcastle United,Newcastle,68
Newcastle United,Newcastle,68
Newcastle United,Newcastle,69
Newcastle United,Newcastle,69
Newcastle United,Newcastle,69
Newcastle United,Newcastle,69
Newcastle United,Newcastle,69
Newcastle United,Newcastle,69
Newcastle United,Newcastle,69
Newcastle United,Newcastle,69
Newcastle United,Newcastle,70
Newcastle United,Newcastle,70
Newcastle United,Newcastle,70
Newcastle United,Newcastle,70
Newcastle United,Newcastle,70
Newcastle United,Newcastle,71
Newcastle United,Newcastle,71
Newcastle United,Newcastle,72
Newcastle United,Newcastle,72
Newcastle United,Newcastle,72
Newcastle United,Newcastle,72
Newcastle United,Newcastle,72
Newcastle United,Newcastle,73
Newcastle United,Newcastle,73
Newcastle United,Newcastle,73
Newcastle United,Newcastle,73
Newcastle United,Newcastle,73
Newcastle United,Newcastle,74
Newcastle United,Newcastle,74
Newcastle United,Newcastle,74
Newcastle United,Newcastle,74
Newcastle United,Newcastle,75
Newcastle United,Newcastle,75
Newcastle United,Newcastle,76
Newcastle United,Newcastle,76
Newcastle United,Newcastle,76
Newcastle United,Newcastle,76
Newcastle United,Newcastle,77
Newcastle United,Newcastle,77
Newcastle United,Newcastle,77
Newcastle United,Newcastle,78
Newcastle United,Newcastle,78
Newcastle United,Newcastle,78
Newcastle United,Newcastle,78
Newcastle United,Newcastle,78
Newcastle United,Newcastle,78
Newcastle United,Newcastle,78
Newcastle United,Newcastle,78
Newcastle United,Newcastle,78
Newcastle United,Newcastle,78
Newcastle United,Newcastle,78
Newcastle United,Newcastle,78
Newcastle United,Newcastle,79
Newcastle United,Newcastle,79
Newcastle United,Newcastle,79
Newcastle United,Newcastle,79
Newcastle United,Newcastle,79
Newcastle United,Newcastle,80
Newcastle United,Newcastle,80
Newcastle United,Newcastle,81
Newcastle United,Newcastle,82
Newcastle United,Newcastle,83
Newcastle United,Newcastle,83
Newcastle United,Newcastle,83
Newcastle United,Newcastle,83
Newcastle United,Newcastle,84
Newcastle United,Newcastle,85
Newcastle United,Newcastle,85
Newcastle United,Newcastle,85
Newcastle United,Newcastle,85
Newcastle United,Newcastle,85
Newcastle United,Newcastle,85
Newcastle United,Newcastle,85
Newcastle United,Newcastle,85
Newcastle United,Newcastle,86
Newcastle United,Newcastle,86
Newcastle United,Newcastle,87
Newcastle United,Newcastle,87
Newcastle United,Newcastle,87
Newcastle United,Newcastle,87
Newcastle United,Newcastle,87
Newcastle United,Newcastle,87
Newcastle United,Newcastle,87
Newcastle United,Newcastle,87
Newcastle United,Newcastle,88
Newcastle United,Newcastle,88
Newcastle United,Newcastle,88
Newcastle United,Newcastle,88
Newcastle United,Newcastle,88
Newcastle United,Newcastle,89
Newcastle United,Newcastle,89
Newcastle United,Newcastle,89
Newcastle United,Newcastle,89
Newcastle United,Newcastle,90
Newcastle United,Newcastle,91
Newcastle United,Newcastle,92
Newcastle United,Newcastle,92
Newcastle United,Newcastle,92
Newcastle United,Newcastle,93
Newcastle United,Newcastle,93
Newcastle United,Newcastle,94
Newcastle United,Newcastle,94
Newcastle United,Newcastle,94
Newcastle United,Newcastle,95
Newcastle United,Newcastle,97
Newcastle United,Newcastle,97
Newcastle United,Newcastle,98
Newcastle United,Newcastle,98
Nottingham Forest,Nott'm Forest,15
Nottingham Forest,Nott'm Forest,38
Nottingham Forest,Nott'm Forest,40
Nottingham Forest,Nott'm Forest,40
Nottingham Forest,Nott'm Forest,45
Nottingham Forest,Nott'm Forest,45
Nottingham Forest,Nott'm Forest,45
Nottingham Forest,Nott'm Forest,45
Nottingham Forest,Nott'm Forest,45
Nottingham Forest,Nott'm Forest,45
Nottingham Forest,Nott'm Forest,45
Nottingham Forest,Nott'm Forest,45
Nottingham Forest,Nott'm Forest,45
Nottingham Forest,Nott'm Forest,45
Nottingham Forest,Nott'm Forest,54
Nottingham Forest,Nott'm Forest,54
Nottingham Forest,Nott'm Forest,54
Nottingham Forest,Nott'm Forest,57
Nottingham Forest,Nott'm Forest,57
Nottingham Forest,Nott'm Forest,57
Nottingham Forest,Nott'm Forest,58
Nottingham Forest,Nott'm Forest,58
Nottingham Forest,Nott'm Forest,58
Nottingham Forest,Nott'm Forest,59
Nottingham Forest,Nott'm Forest,59
Nottingham Forest,Nott'm Forest,59
Nottingham Forest,Nott'm Forest,59
Nottingham Forest,Nott'm Forest,60
Nottingham Forest,Nott'm Forest,61
Nottingham Forest,Nott'm Forest,61
Nottingham Forest,Nott'm Forest,62
Nottingham Forest,Nott'm Forest,62
Nottingham Forest,Nott'm Forest,63
Nottingham Forest,Nott'm Forest,63
Nottingham Forest,Nott'm Forest,63
Nottingham Forest,Nott'm Forest,63
Nottingham Forest,Nott'm Forest,63
Nottingham Forest,Nott'm Forest,63
Nottingham Forest,Nott'm Forest,63
Nottingham Forest,Nott'm Forest,63
Nottingham Forest,Nott'm Forest,63
Nottingham Forest,Nott'm Forest,64
Nottingham Forest,Nott'm Forest,64
Nottingham Forest,Nott'm Forest,65
Nottingham Forest,Nott'm Forest,65
Nottingham Forest,Nott'm Forest,66
Nottingham Forest,Nott'm Forest,66
Nottingham Forest,Nott'm Forest,66
Nottingham Forest,Nott'm Forest,66
Nottingham Forest,Nott'm Forest,67
Nottingham Forest,Nott'm Forest,67
Nottingham Forest,Nott'm Forest,67
Nottingham Forest,Nott'm Forest,68
Nottingham Forest,Nott'm Forest,68
Nottingham Forest,Nott'm Forest,68
Nottingham Forest,Nott'm Forest,68
Nottingham Forest,Nott'm Forest,68
Nottingham Forest,Nott'm Forest,69
Nottingham Forest,Nott'm Forest,69
Nottingham Forest,Nott'm Forest,69
Nottingham Forest,Nott'm Forest,69
Nottingham Forest,Nott'm Forest,71
Nottingham Forest,Nott'm Forest,72
Nottingham Forest,Nott'm Forest,72
Nottingham Forest,Nott'm Forest,72
Nottingham Forest,Nott'm Forest,72
Nottingham Forest,Nott'm Forest,72
Nottingham Forest,Nott'm Forest,72
Nottingham Forest,Nott'm Forest,72
Nottingham Forest,Nott'm Forest,72
Nottingham Forest,Nott'm Forest,72
Nottingham Forest,Nott'm Forest,74
Nottingham Forest,Nott'm Forest,74
Nottingham Forest,Nott'm Forest,74
Nottingham Forest,Nott'm Forest,74
Nottingham Forest,Nott'm Forest,74
Nottingham Forest,Nott'm Forest,75
Nottingham Forest,Nott'm Forest,75
Nottingham Forest,Nott'm Forest,75
Nottingham Forest,Nott'm Forest,75
Nottingham Forest,Nott'm Forest,75
Nottingham Forest,Nott'm Forest,75
Nottingham Forest,Nott'm Forest,75
Nottingham Forest,Nott'm Forest,75
Nottingham Forest,Nott'm Forest,76
Nottingham Forest,Nott'm Forest,76
Nottingham Forest,Nott'm Forest,76
Nottingham Forest,Nott'm Forest,76
Nottingham Forest,Nott'm Forest,76
Nottingham Forest,Nott'm Forest,76
Nottingham Forest,Nott'm Forest,76
Nottingham Forest,Nott'm Forest,76
Nottingham Forest,Nott'm Forest,76
Nottingham Forest,Nott'm Forest,77
Nottingham Forest,Nott'm Forest,77
Nottingham Forest,Nott'm Forest,77
Nottingham Forest,Nott'm Forest,78
Nottingham Forest,Nott'm Forest,78
Nottingham Forest,Nott'm Forest,78
Nottingham Forest,Nott'm Forest,78
Nottingham Forest,Nott'm Forest,79
Nottingham Forest,Nott'm Forest,79
Nottingham Forest,Nott'm Forest,79
Nottingham Forest,Nott'm Forest,79
Nottingham Forest,Nott'm Forest,79
Nottingham Forest,Nott'm Forest,80
Nottingham Forest,Nott'm Forest,80
Nottingham Forest,Nott'm Forest,80
Nottingham Forest,Nott'm Forest,80
Nottingham Forest,Nott'm Forest,81
Nottingham Forest,Nott'm Forest,81
Nottingham Forest,Nott'm Forest,81
Nottingham Forest,Nott'm Forest,81
Nottingham Forest,Nott'm Forest,81
Nottingham Forest,Nott'm Forest,82
Nottingham Forest,Nott'm Forest,82
Nottingham Forest,Nott'm Forest,82
Nottingham Forest,Nott'm Forest,82
Nottingham Forest,Nott'm Forest,82
Nottingham Forest,Nott'm Forest,82
Nottingham Forest,Nott'm Forest,82
Nottingham Forest,Nott'm Forest,82
Nottingham Forest,Nott'm Forest,82
Nottingham Forest,Nott'm Forest,83
Nottingham Forest,Nott'm Forest,83
Nottingham Forest,Nott'm Forest,83
Nottingham Forest,Nott'm Forest,83
Nottingham Forest,Nott'm Forest,83
Nottingham Forest,Nott'm Forest,83
Nottingham Forest,Nott'm Forest,83
Nottingham Forest,Nott'm Forest,83
Nottingham Forest,Nott'm Forest,84
Nottingham Forest,Nott'm Forest,84
Nottingham Forest,Nott'm Forest,84
Nottingham Forest,Nott'm Forest,84
Nottingham Forest,Nott'm Forest,85
Nottingham Forest,Nott'm Forest,85
Nottingham Forest,Nott'm Forest,85
Nottingham Forest,Nott'm Forest,85
Nottingham Forest,Nott'm Forest,86
Nottingham Forest,Nott'm Forest,87
Nottingham Forest,Nott'm Forest,87
Nottingham Forest,Nott'm Forest,87
Nottingham Forest,Nott'm Forest,87
Nottingham Forest,Nott'm Forest,88
Nottingham Forest,Nott'm Forest,88
Nottingham Forest,Nott'm Forest,88
Nottingham Forest,Nott'm Forest,88
Nottingham Forest,Nott'm Forest,88
Nottingham Forest,Nott'm Forest,89
Nottingham Forest,Nott'm Forest,89
Nottingham Forest,Nott'm Forest,89
Nottingham Forest,Nott'm Forest,90
Nottingham Forest,Nott'm Forest,90
Nottingham Forest,Nott'm Forest,90
Nottingham Forest,Nott'm Forest,90
Nottingham Forest,Nott'm Forest,91
Nottingham Forest,Nott'm Forest,91
Nottingham Forest,Nott'm Forest,91
Nottingham Forest,Nott'm Forest,92
Nottingham Forest,Nott'm Forest,92
Nottingham Forest,Nott'm Forest,92
Nottingham Forest,Nott'm Forest,92
Nottingham Forest,Nott'm Forest,93
Nottingham Forest,Nott'm Forest,94
Nottingham Forest,Nott'm Forest,95
Nottingham Forest,Nott'm Forest,95
Southampton,Southampton,12
Southampton,Southampton,15
Southampton,Southampton,19
Southampton,Southampton,27
Southampton,Southampton,37
Southampton,Southampton,45
Southampton,Southampton,45
Southampton,Southampton,45
Southampton,Southampton,45
Southampton,Southampton,45
Southampton,Southampton,45
Southampton,Southampton,45
Southampton,Southampton,45
Southampton,Southampton,45
Southampton,Southampton,45
Southampton,Southampton,45
Southampton,Southampton,45
Southampton,Southampton,45
Southampton,Southampton,45
Southampton,Southampton,45
Southampton,Southampton,45
Southampton,Southampton,45
Southampton,Southampton,45
Southampton,Southampton,45
Southampton,Southampton,45
Southampton,Southampton,45
Southampton,Southampton,45
Southampton,Southampton,45
Southampton,Southampton,45
Southampton,Southampton,51
Southampton,Southampton,52
Southampton,Southampton,55
Southampton,Southampton,55
Southampton,Southampton,56
Southampton,Southampton,56
Southampton,Southampton,56
Southampton,Southampton,57
Southampton,Southampton,57
Southampton,Southampton,57
Southampton,Southampton,57
Southampton,Southampton,58
Southampton,Southampton,58
Southampton,Southampton,59
Southampton,Southampton,59
Southampton,Southampton,59
Southampton,Southampton,59
Southampton,Southampton,59
Southampton,Southampton,59
Southampton,Southampton,60
Southampton,Southampton,60
Southampton,Southampton,60
Southampton,Southampton,60
Southampton,Southampton,60
Southampton,Southampton,60
Southampton,Southampton,60
Southampton,Southampton,60
Southampton,Southampton,61
Southampton,Southampton,61
Southampton,Southampton,61
Southampton,Southampton,61
Southampton,Southampton,62
Southampton,Southampton,62
Southampton,Southampton,62
Southampton,Southampton,62
Southampton,Southampton,62
Southampton,Southampton,63
Southampton,Southampton,63
Southampton,Southampton,64
Southampton,Southampton,64
Southampton,Southampton,64
Southampton,Southampton,64
Southampton,Southampton,64
Southampton,Southampton,64
Southampton,Southampton,65
Southampton,Southampton,65
Southampton,Southampton,65
Southampton,Southampton,66
Southampton,Southampton,66
Southampton,Southampton,66
Southampton,Southampton,68
Southampton,Southampton,68
Southampton,Southampton,68
Southampton,Southampton,69
Southampton,Southampton,69
Southampton,Southampton,70
Southampton,Southampton,70
Southampton,Southampton,70
Southampton,Southampton,70
Southampton,Southampton,71
Southampton,Southampton,71
Southampton,Southampton,71
Southampton,Southampton,71
Southampton,Southampton,72
Southampton,Southampton,72
Southampton,Southampton,72
Southampton,Southampton,72
Southampton,Southampton,73
Southampton,Southampton,73
Southampton,Southampton,73
Southampton,Southampton,73
Southampton,Southampton,73
Southampton,Southampton,73
Southampton,Southampton,73
Southampton,Southampton,73
Southampton,Southampton,73
Southampton,Southampton,74
Southampton,Southampton,74
Southampton,Southampton,74
Southampton,Southampton,76
Southampton,Southampton,76
Southampton,Southampton,76
Southampton,Southampton,77
Southampton,Southampton,77
Southampton,Southampton,77
Southampton,Southampton,78
Southampton,Southampton,78
Southampton,Southampton,78
Southampton,Southampton,78
Southampton,Southampton,79
Southampton,Southampton,79
Southampton,Southampton,79
Southampton,Southampton,79
Southampton,Southampton,79
Southampton,Southampton,79
Southampton,Southampton,79
Southampton,Southampton,80
Southampton,Southampton,81
Southampton,Southampton,81
Southampton,Southampton,81
Southampton,Southampton,81
Southampton,Southampton,81
Southampton,Southampton,81
Southampton,Southampton,81
Southampton,Southampton,82
Southampton,Southampton,82
Southampton,Southampton,82
Southampton,Southampton,82
Southampton,Southampton,82
Southampton,Southampton,83
Southampton,Southampton,83
Southampton,Southampton,83
Southampton,Southampton,83
Southampton,Southampton,83
Southampton,Southampton,83
Southampton,Southampton,83
Southampton,Southampton,84
Southampton,Southampton,84
Southampton,Southampton,85
Southampton,Southampton,85
Southampton,Southampton,85
Southampton,Southampton,85
Southampton,Southampton,86
Southampton,Southampton,86
Southampton,Southampton,86
Southampton,Southampton,86
Southampton,Southampton,86
Southampton,Southampton,86
Southampton,Southampton,87
Southampton,Southampton,87
Southampton,Southampton,87
Southampton,Southampton,87
Southampton,Southampton,88
Southampton,Southampton,88
Southampton,Southampton,88
Southampton,Southampton,88
Southampton,Southampton,88
Southampton,Southampton,88
Southampton,Southampton,89
Southampton,Southampton,89
Southampton,Southampton,89
Southampton,Southampton,90
Southampton,Southampton,90
Southampton,Southampton,91
Southampton,Southampton,91
Southampton,Southampton,92
Southampton,Southampton,92
Southampton,Southampton,92
Southampton,Southampton,93
Southampton,Southampton,93
Southampton,Southampton,93
Tottenham Hotspur,Spurs,15
Tottenham Hotspur,Spurs,19
Tottenham Hotspur,Spurs,28
Tottenham Hotspur,Spurs,45
Tottenham Hotspur,Spurs,45
Tottenham Hotspur,Spurs,45
Tottenham Hotspur,Spurs,45
Tottenham Hotspur,Spurs,45
Tottenham Hotspur,Spurs,45
Tottenham Hotspur,Spurs,45
Tottenham Hotspur,Spurs,45
Tottenham Hotspur,Spurs,45
Tottenham Hotspur,Spurs,45
Tottenham Hotspur,Spurs,45
Tottenham Hotspur,Spurs,45
Tottenham Hotspur,Spurs,45
Tottenham Hotspur,Spurs,45
Tottenham Hotspur,Spurs,45
Tottenham Hotspur,Spurs,45
Tottenham Hotspur,Spurs,45
Tottenham Hotspur,Spurs,45
Tottenham Hotspur,Spurs,45
Tottenham Hotspur,Spurs,50
Tottenham Hotspur,Spurs,53
Tottenham Hotspur,Spurs,53
Tottenham Hotspur,Spurs,54
Tottenham Hotspur,Spurs,54
Tottenham Hotspur,Spurs,55
Tottenham Hotspur,Spurs,55
Tottenham Hotspur,Spurs,56
Tottenham Hotspur,Spurs,56
Tottenham Hotspur,Spurs,57
Tottenham Hotspur,Spurs,57
Tottenham Hotspur,Spurs,57
Tottenham Hotspur,Spurs,58
Tottenham Hotspur,Spurs,58
Tottenham Hotspur,Spurs,58
Tottenham Hotspur,Spurs,61
Tottenham Hotspur,Spurs,61
Tottenham Hotspur,Spurs,61
Tottenham Hotspur,Spurs,62
Tottenham Hotspur,Spurs,62
Tottenham Hotspur,Spurs,62
Tottenham Hotspur,Spurs,62
Tottenham Hotspur,Spurs,62
Tottenham Hotspur,Spurs,62
Tottenham Hotspur,Spurs,62
Tottenham Hotspur,Spurs,63
Tottenham Hotspur,Spurs,63
Tottenham Hotspur,Spurs,64
Tottenham Hotspur,Spurs,64
Tottenham Hotspur,Spurs,64
Tottenham Hotspur,Spurs,64
Tottenham Hotspur,Spurs,64
Tottenham Hotspur,Spurs,64
Tottenham Hotspur,Spurs,64
Tottenham Hotspur,Spurs,64
Tottenham Hotspur,Spurs,64
Tottenham Hotspur,Spurs,64
Tottenham Hotspur,Spurs,65
Tottenham Hotspur,Spurs,66
Tottenham Hotspur,Spurs,66
Tottenham Hotspur,Spurs,66
Tottenham Hotspur,Spurs,66
Tottenham Hotspur,Spurs,66
Tottenham Hotspur,Spurs,66
Tottenham Hotspur,Spurs,67
Tottenham Hotspur,Spurs,67
Tottenham Hotspur,Spurs,67
Tottenham Hotspur,Spurs,67
Tottenham Hotspur,Spurs,67
Tottenham Hotspur,Spurs,67
Tottenham Hotspur,Spurs,67
Tottenham Hotspur,Spurs,68
Tottenham Hotspur,Spurs,68
Tottenham Hotspur,Spurs,68
Tottenham Hotspur,Spurs,68
Tottenham Hotspur,Spurs,68
Tottenham Hotspur,Spurs,68
Tottenham Hotspur,Spurs,68
Tottenham Hotspur,Spurs,70
Tottenham Hotspur,Spurs,70
Tottenham Hotspur,Spurs,72
Tottenham Hotspur,Spurs,73
Tottenham Hotspur,Spurs,73
Tottenham Hotspur,Spurs,74
Tottenham Hotspur,Spurs,74
Tottenham Hotspur,Spurs,74
Tottenham Hotspur,Spurs,74
Tottenham Hotspur,Spurs,74
Tottenham Hotspur,Spurs,75
Tottenham Hotspur,Spurs,75
Tottenham Hotspur,Spurs,76
Tottenham Hotspur,Spurs,77
Tottenham Hotspur,Spurs,77
Tottenham Hotspur,Spurs,77
Tottenham Hotspur,Spurs,77
Tottenham Hotspur,Spurs,77
Tottenham Hotspur,Spurs,78
Tottenham Hotspur,Spurs,78
Tottenham Hotspur,Spurs,78
Tottenham Hotspur,Spurs,78
Tottenham Hotspur,Spurs,78
Tottenham Hotspur,Spurs,78
Tottenham Hotspur,Spurs,79
Tottenham Hotspur,Spurs,79
Tottenham Hotspur,Spurs,79
Tottenham Hotspur,Spurs,79
Tottenham Hotspur,Spurs,79
Tottenham Hotspur,Spurs,79
Tottenham Hotspur,Spurs,79
Tottenham Hotspur,Spurs,79
Tottenham Hotspur,Spurs,80
Tottenham Hotspur,Spurs,80
Tottenham Hotspur,Spurs,80
Tottenham Hotspur,Spurs,80
Tottenham Hotspur,Spurs,80
Tottenham Hotspur,Spurs,81
Tottenham Hotspur,Spurs,81
Tottenham Hotspur,Spurs,81
Tottenham Hotspur,Spurs,81
Tottenham Hotspur,Spurs,81
Tottenham Hotspur,Spurs,81
Tottenham Hotspur,Spurs,82
Tottenham Hotspur,Spurs,82
Tottenham Hotspur,Spurs,82
Tottenham Hotspur,Spurs,82
Tottenham Hotspur,Spurs,82
Tottenham Hotspur,Spurs,82
Tottenham Hotspur,Spurs,82
Tottenham Hotspur,Spurs,83
Tottenham Hotspur,Spurs,84
Tottenham Hotspur,Spurs,84
Tottenham Hotspur,Spurs,84
Tottenham Hotspur,Spurs,85
Tottenham Hotspur,Spurs,85
Tottenham Hotspur,Spurs,85
Tottenham Hotspur,Spurs,86
Tottenham Hotspur,Spurs,87
Tottenham Hotspur,Spurs,87
Tottenham Hotspur,Spurs,87
Tottenham Hotspur,Spurs,87
Tottenham Hotspur,Spurs,87
Tottenham Hotspur,Spurs,87
Tottenham Hotspur,Spurs,87
Tottenham Hotspur,Spurs,88
Tottenham Hotspur,Spurs,88
Tottenham Hotspur,Spurs,88
Tottenham Hotspur,Spurs,88
Tottenham Hotspur,Spurs,88
Tottenham Hotspur,Spurs,88
Tottenham Hotspur,Spurs,89
Tottenham Hotspur,Spurs,90
Tottenham Hotspur,Spurs,90
Tottenham Hotspur,Spurs,92
Tottenham Hotspur,Spurs,92
Tottenham Hotspur,Spurs,94
Tottenham Hotspur,Spurs,95
West Ham United,West Ham,19
West Ham United,West Ham,36
West Ham United,West Ham,38
West Ham United,West Ham,45
West Ham United,West Ham,45
West Ham United,West Ham,45
West Ham United,West Ham,45
West Ham United,West Ham,45
West Ham United,West Ham,45
West Ham United,West Ham,45
West Ham United,West Ham,45
West Ham United,West Ham,45
West Ham United,West Ham,45
West Ham United,West Ham,45
West Ham United,West Ham,45
West Ham United,West Ham,45
West Ham United,West Ham,45
West Ham United,West Ham,45
West Ham United,West Ham,45
West Ham United,West Ham,45
West Ham United,West Ham,45
West Ham United,West Ham,45
West Ham United,West Ham,45
West Ham United,West Ham,45
West Ham United,West Ham,45
West Ham United,West Ham,45
West Ham United,West Ham,45
West Ham United,West Ham,45
West Ham United,West Ham,53
West Ham United,West Ham,54
West Ham United,West Ham,54
West Ham United,West Ham,54
West Ham United,West Ham,54
West Ham United,West Ham,56
West Ham United,West Ham,56
West Ham United,West Ham,56
West Ham United,West Ham,56
West Ham United,West Ham,57
West Ham United,West Ham,57
West Ham United,West Ham,57
West Ham United,West Ham,57
West Ham United,West Ham,58
West Ham United,West Ham,58
West Ham United,West Ham,58
West Ham United,West Ham,59
West Ham United,West Ham,60
West Ham United,West Ham,61
West Ham United,West Ham,61
West Ham United,West Ham,61
West Ham United,West Ham,62
West Ham United,West Ham,62
West Ham United,West Ham,62
West Ham United,West Ham,62
West Ham United,West Ham,62
West Ham United,West Ham,63
West Ham United,West Ham,63
West Ham United,West Ham,64
West Ham United,West Ham,64
West Ham United,West Ham,65
West Ham United,West Ham,65
West Ham United,West Ham,65
West Ham United,West Ham,65
West Ham United,West Ham,65
West Ham United,West Ham,65
West Ham United,West Ham,66
West Ham United,West Ham,66
West Ham United,West Ham,67
West Ham United,West Ham,67
West Ham United,West Ham,67
West Ham United,West Ham,68
West Ham United,West Ham,68
West Ham United,West Ham,69
West Ham United,West Ham,70
West Ham United,West Ham,70
West Ham United,West Ham,70
West Ham United,West Ham,70
West Ham United,West Ham,71
West Ham United,West Ham,71
West Ham United,West Ham,71
West Ham United,West Ham,71
West Ham United,West Ham,71
West Ham United,West Ham,71
West Ham United,West Ham,72
West Ham United,West Ham,72
West Ham United,West Ham,72
West Ham United,West Ham,72
West Ham United,West Ham,72
West Ham United,West Ham,73
West Ham United,West Ham,73
West Ham United,West Ham,73
West Ham United,West Ham,73
West Ham United,West Ham,73
West Ham United,West Ham,73
West Ham United,West Ham,73
West Ham United,West Ham,73
West Ham United,West Ham,73
West Ham United,West Ham,74
West Ham United,West Ham,75
West Ham United,West Ham,75
West Ham United,West Ham,75
West Ham United,West Ham,75
West Ham United,West Ham,75
West Ham United,West Ham,75
West Ham United,West Ham,75
West Ham United,West Ham,75
West Ham United,West Ham,76
West Ham United,West Ham,77
West Ham United,West Ham,77
West Ham United,West Ham,77
West Ham United,West Ham,77
West Ham United,West Ham,77
West Ham United,West Ham,77
West Ham United,West Ham,78
West Ham United,West Ham,78
West Ham United,West Ham,78
West Ham United,West Ham,78
West Ham United,West Ham,79
West Ham United,West Ham,79
West Ham United,West Ham,79
West Ham United,West Ham,80
West Ham United,West Ham,80
West Ham United,West Ham,80
West Ham United,West Ham,80
West Ham United,West Ham,80
West Ham United,West Ham,80
West Ham United,West Ham,80
West Ham United,West Ham,80
West Ham United,West Ham,81
West Ham United,West Ham,81
West Ham United,West Ham,81
West Ham United,West Ham,82
West Ham United,West Ham,82
West Ham United,West Ham,83
West Ham United,West Ham,83
West Ham United,West Ham,83
West Ham United,West Ham,83
West Ham United,West Ham,83
West Ham United,West Ham,83
West Ham United,West Ham,83
West Ham United,West Ham,84
West Ham United,West Ham,84
West Ham United,West Ham,84
West Ham United,West Ham,84
West Ham United,West Ham,84
West Ham United,West Ham,85
West Ham United,West Ham,85
West Ham United,West Ham,86
West Ham United,West Ham,86
West Ham United,West Ham,86
West Ham United,West Ham,86
West Ham United,West Ham,86
West Ham United,West Ham,87
West Ham United,West Ham,87
West Ham United,West Ham,87
West Ham United,West Ham,88
West Ham United,West Ham,88
West Ham United,West Ham,88
West Ham United,West Ham,88
West Ham United,West Ham,88
West Ham United,West Ham,88
West Ham United,West Ham,88
West Ham United,West Ham,89
West Ham United,West Ham,89
West Ham United,West Ham,90
West Ham United,West Ham,90
West Ham United,West Ham,91
West Ham United,West Ham,92
West Ham United,West Ham,92
West Ham United,West Ham,92
West Ham United,West Ham,94
West Ham United,West Ham,95
West Ham United,West Ham,97
Wolverhampton Wanderers,Wolves,32
Wolverhampton Wanderers,Wolves,42
Wolverhampton Wanderers,Wolves,45
Wolverhampton Wanderers,Wolves,45
Wolverhampton Wanderers,Wolves,45
Wolverhampton Wanderers,Wolves,45
Wolverhampton Wanderers,Wolves,45
Wolverhampton Wanderers,Wolves,45
Wolverhampton Wanderers,Wolves,45
Wolverhampton Wanderers,Wolves,45
Wolverhampton Wanderers,Wolves,45
Wolverhampton Wanderers,Wolves,45
Wolverhampton Wanderers,Wolves,45
Wolverhampton Wanderers,Wolves,45
Wolverhampton Wanderers,Wolves,45
Wolverhampton Wanderers,Wolves,45
Wolverhampton Wanderers,Wolves,45
Wolverhampton Wanderers,Wolves,45
Wolverhampton Wanderers,Wolves,52
Wolverhampton Wanderers,Wolves,57
Wolverhampton Wanderers,Wolves,57
Wolverhampton Wanderers,Wolves,57
Wolverhampton Wanderers,Wolves,59
Wolverhampton Wanderers,Wolves,59
Wolverhampton Wanderers,Wolves,59
Wolverhampton Wanderers,Wolves,59
Wolverhampton Wanderers,Wolves,59
Wolverhampton Wanderers,Wolves,59
Wolverhampton Wanderers,Wolves,60
Wolverhampton Wanderers,Wolves,60
Wolverhampton Wanderers,Wolves,60
Wolverhampton Wanderers,Wolves,61
Wolverhampton Wanderers,Wolves,62
Wolverhampton Wanderers,Wolves,62
Wolverhampton Wanderers,Wolves,62
Wolverhampton Wanderers,Wolves,62
Wolverhampton Wanderers,Wolves,63
Wolverhampton Wanderers,Wolves,64
Wolverhampton Wanderers,Wolves,64
Wolverhampton Wanderers,Wolves,64
Wolverhampton Wanderers,Wolves,65
Wolverhampton Wanderers,Wolves,65
Wolverhampton Wanderers,Wolves,65
Wolverhampton Wanderers,Wolves,65
Wolverhampton Wanderers,Wolves,65
Wolverhampton Wanderers,Wolves,65
Wolverhampton Wanderers,Wolves,65
Wolverhampton Wanderers,Wolves,66
Wolverhampton Wanderers,Wolves,67
Wolverhampton Wanderers,Wolves,67
Wolverhampton Wanderers,Wolves,67
Wolverhampton Wanderers,Wolves,68
Wolverhampton Wanderers,Wolves,68
Wolverhampton Wanderers,Wolves,68
Wolverhampton Wanderers,Wolves,68
Wolverhampton Wanderers,Wolves,68
Wolverhampton Wanderers,Wolves,69
Wolverhampton Wanderers,Wolves,69
Wolverhampton Wanderers,Wolves,69
Wolverhampton Wanderers,Wolves,69
Wolverhampton Wanderers,Wolves,69
Wolverhampton Wanderers,Wolves,70
Wolverhampton Wanderers,Wolves,70
Wolverhampton Wanderers,Wolves,70
Wolverhampton Wanderers,Wolves,71
Wolverhampton Wanderers,Wolves,71
Wolverhampton Wanderers,Wolves,72
Wolverhampton Wanderers,Wolves,73
Wolverhampton Wanderers,Wolves,73
Wolverhampton Wanderers,Wolves,73
Wolverhampton Wanderers,Wolves,73
Wolverhampton Wanderers,Wolves,73
Wolverhampton Wanderers,Wolves,74
Wolverhampton Wanderers,Wolves,74
Wolverhampton Wanderers,Wolves,74
Wolverhampton Wanderers,Wolves,74
Wolverhampton Wanderers,Wolves,74
Wolverhampton Wanderers,Wolves,74
Wolverhampton Wanderers,Wolves,74
Wolverhampton Wanderers,Wolves,74
Wolverhampton Wanderers,Wolves,75
Wolverhampton Wanderers,Wolves,75
Wolverhampton Wanderers,Wolves,75
Wolverhampton Wanderers,Wolves,75
Wolverhampton Wanderers,Wolves,75
Wolverhampton Wanderers,Wolves,75
Wolverhampton Wanderers,Wolves,77
Wolverhampton Wanderers,Wolves,77
Wolverhampton Wanderers,Wolves,77
Wolverhampton Wanderers,Wolves,77
Wolverhampton Wanderers,Wolves,77
Wolverhampton Wanderers,Wolves,77
Wolverhampton Wanderers,Wolves,77
Wolverhampton Wanderers,Wolves,77
Wolverhampton Wanderers,Wolves,77
Wolverhampton Wanderers,Wolves,77
Wolverhampton Wanderers,Wolves,78
Wolverhampton Wanderers,Wolves,78
Wolverhampton Wanderers,Wolves,78
Wolverhampton Wanderers,Wolves,79
Wolverhampton Wanderers,Wolves,80
Wolverhampton Wanderers,Wolves,80
Wolverhampton Wanderers,Wolves,80
Wolverhampton Wanderers,Wolves,80
Wolverhampton Wanderers,Wolves,80
Wolverhampton Wanderers,Wolves,81
Wolverhampton Wanderers,Wolves,82
Wolverhampton Wanderers,Wolves,82
Wolverhampton Wanderers,Wolves,82
Wolverhampton Wanderers,Wolves,82
Wolverhampton Wanderers,Wolves,82
Wolverhampton Wanderers,Wolves,83
Wolverhampton Wanderers,Wolves,83
Wolverhampton Wanderers,Wolves,83
Wolverhampton Wanderers,Wolves,83
Wolverhampton Wanderers,Wolves,84
Wolverhampton Wanderers,Wolves,84
Wolverhampton Wanderers,Wolves,84
Wolverhampton Wanderers,Wolves,84
Wolverhampton Wanderers,Wolves,84
Wolverhampton Wanderers,Wolves,84
Wolverhampton Wanderers,Wolves,84
Wolverhampton Wanderers,Wolves,85
Wolverhampton Wanderers,Wolves,86
Wolverhampton Wanderers,Wolves,86
Wolverhampton Wanderers,Wolves,86
Wolverhampton Wanderers,Wolves,86
Wolverhampton Wanderers,Wolves,86
Wolverhampton Wanderers,Wolves,86
Wolverhampton Wanderers,Wolves,86
Wolverhampton Wanderers,Wolves,86
Wolverhampton Wanderers,Wolves,87
Wolverhampton Wanderers,Wolves,87
Wolverhampton Wanderers,Wolves,87
Wolverhampton Wanderers,Wolves,87
Wolverhampton Wanderers,Wolves,87
Wolverhampton Wanderers,Wolves,87
Wolverhampton Wanderers,Wolves,88
Wolverhampton Wanderers,Wolves,88
Wolverhampton Wanderers,Wolves,89
Wolverhampton Wanderers,Wolves,89
Wolverhampton Wanderers,Wolves,89
Wolverhampton Wanderers,Wolves,89
Wolverhampton Wanderers,Wolves,89
Wolverhampton Wanderers,Wolves,89
Wolverhampton Wanderers,Wolves,90
Wolverhampton Wanderers,Wolves,90
Wolverhampton Wanderers,Wolves,90
Wolverhampton Wanderers,Wolves,90
Wolverhampton Wanderers,Wolves,90
Wolverhampton Wanderers,Wolves,90
Wolverhampton Wanderers,Wolves,91
Wolverhampton Wanderers,Wolves,91
Wolverhampton Wanderers,Wolves,91
Wolverhampton Wanderers,Wolves,91
Wolverhampton Wanderers,Wolves,92
Wolverhampton Wanderers,Wolves,92
Wolverhampton Wanderers,Wolves,92
Wolverhampton Wanderers,Wolves,92
Wolverhampton Wanderers,Wolves,92
Wolverhampton Wanderers,Wolves,92
Wolverhampton Wanderers,Wolves,94
Wolverhampton Wanderers,Wolves,94
Wolverhampton Wanderers,Wolves,95
Wolverhampton Wanderers,Wolves,95
Wolverhampton Wanderers,Wolves,96
Wolverhampton Wanderers,Wolves,96
