season_label,minute,label,matches
2018-19,1,1,5
2018-19,2,2,6
2018-19,3,3,9
2018-19,4,4,8
2018-19,5,5,11
2018-19,6,6,9
2018-19,7,7,6
2018-19,8,8,6
2018-19,9,9,8
2018-19,10,10,11
2018-19,11,11,11
2018-19,12,12,5
2018-19,13,13,6
2018-19,14,14,9
2018-19,15,15,9
2018-19,16,16,11
2018-19,17,17,9
2018-19,18,18,9
2018-19,19,19,5
2018-19,20,20,6
2018-19,21,21,4
2018-19,22,22,5
2018-19,23,23,4
2018-19,24,24,11
2018-19,25,25,9
2018-19,26,26,6
2018-19,27,27,8
2018-19,28,28,4
2018-19,29,29,6
2018-19,30,30,6
2018-19,31,31,2
2018-19,32,32,3
2018-19,33,33,6
2018-19,34,34,3
2018-19,35,35,3
2018-19,36,36,0
2018-19,37,37,1
2018-19,38,38,4
2018-19,39,39,3
2018-19,40,40,4
2018-19,41,41,6
2018-19,42,42,2
2018-19,43,43,2
2018-19,44,44,2
2018-19,45,45,2
2018-19,46,46,7
2018-19,47,47,3
2018-19,48,48,4
2018-19,49,49,3
2018-19,50,50,4
2018-19,51,51,5
2018-19,52,52,2
2018-19,53,53,5
2018-19,54,54,2
2018-19,55,55,5
2018-19,56,56,7
2018-19,57,57,4
2018-19,58,58,1
2018-19,59,59,4
2018-19,60,60,0
2018-19,61,61,3
2018-19,62,62,0
2018-19,63,63,1
2018-19,64,64,1
2018-19,65,65,2
2018-19,66,66,3
2018-19,67,67,2
2018-19,68,68,0
2018-19,69,69,1
2018-19,70,70,1
2018-19,71,71,0
2018-19,72,72,1
2018-19,73,73,0
2018-19,74,74,2
2018-19,75,75,1
2018-19,76,76,2
2018-19,77,77,0
2018-19,78,78,0
2018-19,79,79,3
2018-19,80,80,0
2018-19,81,81,2
2018-19,82,82,0
2018-19,83,83,3
2018-19,84,84,0
2018-19,85,85,0
2018-19,86,86,0
2018-19,87,87,1
2018-19,88,88,1
2018-19,89,89,0
2018-19,90,90,0
2018-19,91,90+,7
2019-20,1,1,4
2019-20,2,2,7
2019-20,3,3,5
2019-20,4,4,5
2019-20,5,5,6
2019-20,6,6,9
2019-20,7,7,6
2019-20,8,8,6
2019-20,9,9,5
2019-20,10,10,12
2019-20,11,11,4
2019-20,12,12,5
2019-20,13,13,10
2019-20,14,14,6
2019-20,15,15,7
2019-20,16,16,6
2019-20,17,17,9
2019-20,18,18,8
2019-20,19,19,4
2019-20,20,20,6
2019-20,21,21,15
2019-20,22,22,5
2019-20,23,23,9
2019-20,24,24,8
2019-20,25,25,4
2019-20,26,26,4
2019-20,27,27,11
2019-20,28,28,5
2019-20,29,29,2
2019-20,30,30,6
2019-20,31,31,6
2019-20,32,32,3
2019-20,33,33,6
2019-20,34,34,1
2019-20,35,35,3
2019-20,36,36,8
2019-20,37,37,5
2019-20,38,38,8
2019-20,39,39,3
2019-20,40,40,5
2019-20,41,41,4
2019-20,42,42,5
2019-20,43,43,3
2019-20,44,44,4
2019-20,45,45,4
2019-20,46,46,9
2019-20,47,47,4
2019-20,48,48,2
2019-20,49,49,4
2019-20,50,50,5
2019-20,51,51,2
2019-20,52,52,3
2019-20,53,53,4
2019-20,54,54,5
2019-20,55,55,4
2019-20,56,56,0
2019-20,57,57,2
2019-20,58,58,4
2019-20,59,59,0
2019-20,60,60,1
2019-20,61,61,1
2019-20,62,62,3
2019-20,63,63,3
2019-20,64,64,3
2019-20,65,65,0
2019-20,66,66,1
2019-20,67,67,0
2019-20,68,68,4
2019-20,69,69,0
2019-20,70,70,3
2019-20,71,71,2
2019-20,72,72,3
2019-20,73,73,5
2019-20,74,74,0
2019-20,75,75,0
2019-20,76,76,2
2019-20,77,77,0
2019-20,78,78,2
2019-20,79,79,1
2019-20,80,80,3
2019-20,81,81,0
2019-20,82,82,0
2019-20,83,83,1
2019-20,84,84,2
2019-20,85,85,0
2019-20,86,86,0
2019-20,87,87,0
2019-20,88,88,0
2019-20,89,89,1
2019-20,90,90,1
2019-20,91,90+,2
2020-21,1,1,5
2020-21,2,2,14
2020-21,3,3,11
2020-21,4,4,9
2020-21,5,5,13
2020-21,6,6,9
2020-21,7,7,3
2020-21,8,8,7
2020-21,9,9,7
2020-21,10,10,11
2020-21,11,11,2
2020-21,12,12,6
2020-21,13,13,16
2020-21,14,14,5
2020-21,15,15,8
2020-21,16,16,5
2020-21,17,17,8
2020-21,18,18,7
2020-21,19,19,6
2020-21,20,20,2
2020-21,21,21,3
2020-21,22,22,3
2020-21,23,23,10
2020-21,24,24,7
2020-21,25,25,9
2020-21,26,26,6
2020-21,27,27,7
2020-21,28,28,3
2020-21,29,29,5
2020-21,30,30,8
2020-21,31,31,4
2020-21,32,32,6
2020-21,33,33,3
2020-21,34,34,3
2020-21,35,35,4
2020-21,36,36,4
2020-21,37,37,2
2020-21,38,38,1
2020-21,39,39,1
2020-21,40,40,5
2020-21,41,41,4
2020-21,42,42,3
2020-21,43,43,5
2020-21,44,44,4
2020-21,45,45,2
2020-21,46,46,1
2020-21,47,47,6
2020-21,48,48,5
2020-21,49,49,6
2020-21,50,50,3
2020-21,51,51,1
2020-21,52,52,1
2020-21,53,53,1
2020-21,54,54,1
2020-21,55,55,3
2020-21,56,56,8
2020-21,57,57,2
2020-21,58,58,3
2020-21,59,59,1
2020-21,60,60,3
2020-21,61,61,4
2020-21,62,62,0
2020-21,63,63,2
2020-21,64,64,2
2020-21,65,65,1
2020-21,66,66,1
2020-21,67,67,1
2020-21,68,68,0
2020-21,69,69,1
2020-21,70,70,1
2020-21,71,71,1
2020-21,72,72,0
2020-21,73,73,4
2020-21,74,74,0
2020-21,75,75,0
2020-21,76,76,2
2020-21,77,77,1
2020-21,78,78,1
2020-21,79,79,2
2020-21,80,80,3
2020-21,81,81,0
2020-21,82,82,0
2020-21,83,83,1
2020-21,84,84,1
2020-21,85,85,0
2020-21,86,86,2
2020-21,87,87,0
2020-21,88,88,3
2020-21,89,89,0
2020-21,90,90,0
2020-21,91,90+,5
2021-22,1,1,1
2021-22,2,2,5
2021-22,3,3,9
2021-22,4,4,9
2021-22,5,5,14
2021-22,6,6,8
2021-22,7,7,12
2021-22,8,8,12
2021-22,9,9,11
2021-22,10,10,12
2021-22,11,11,2
2021-22,12,12,9
2021-22,13,13,10
2021-22,14,14,6
2021-22,15,15,7
2021-22,16,16,7
2021-22,17,17,2
2021-22,18,18,4
2021-22,19,19,7
2021-22,20,20,6
2021-22,21,21,6
2021-22,22,22,8
2021-22,23,23,2
2021-22,24,24,5
2021-22,25,25,3
2021-22,26,26,4
2021-22,27,27,8
2021-22,28,28,9
2021-22,29,29,3
2021-22,30,30,7
2021-22,31,31,4
2021-22,32,32,5
2021-22,33,33,4
2021-22,34,34,4
2021-22,35,35,3
2021-22,36,36,2
2021-22,37,37,5
2021-22,38,38,2
2021-22,39,39,6
2021-22,40,40,4
2021-22,41,41,4
2021-22,42,42,3
2021-22,43,43,2
2021-22,44,44,5
2021-22,45,45,2
2021-22,46,46,3
2021-22,47,47,5
2021-22,48,48,9
2021-22,49,49,4
2021-22,50,50,1
2021-22,51,51,2
2021-22,52,52,1
2021-22,53,53,5
2021-22,54,54,2
2021-22,55,55,4
2021-22,56,56,7
2021-22,57,57,0
2021-22,58,58,1
2021-22,59,59,3
2021-22,60,60,1
2021-22,61,61,4
2021-22,62,62,3
2021-22,63,63,1
2021-22,64,64,0
2021-22,65,65,1
2021-22,66,66,3
2021-22,67,67,2
2021-22,68,68,1
2021-22,69,69,2
2021-22,70,70,3
2021-22,71,71,1
2021-22,72,72,2
2021-22,73,73,0
2021-22,74,74,2
2021-22,75,75,2
2021-22,76,76,1
2021-22,77,77,1
2021-22,78,78,1
2021-22,79,79,0
2021-22,80,80,1
2021-22,81,81,0
2021-22,82,82,3
2021-22,83,83,0
2021-22,84,84,1
2021-22,85,85,1
2021-22,86,86,0
2021-22,87,87,0
2021-22,88,88,1
2021-22,89,89,2
2021-22,90,90,3
2021-22,91,90+,5
2022-23,1,1,10
2022-23,2,2,6
2022-23,3,3,8
2022-23,4,4,5
2022-23,5,5,13
2022-23,6,6,9
2022-23,7,7,9
2022-23,8,8,7
2022-23,9,9,7
2022-23,10,10,11
2022-23,11,11,8
2022-23,12,12,6
2022-23,13,13,4
2022-23,14,14,8
2022-23,15,15,7
2022-23,16,16,8
2022-23,17,17,8
2022-23,18,18,6
2022-23,19,19,9
2022-23,20,20,10
2022-23,21,21,4
2022-23,22,22,7
2022-23,23,23,6
2022-23,24,24,5
2022-23,25,25,5
2022-23,26,26,2
2022-23,27,27,10
2022-23,28,28,5
2022-23,29,29,2
2022-23,30,30,5
2022-23,31,31,6
2022-23,32,32,7
2022-23,33,33,5
2022-23,34,34,5
2022-23,35,35,6
2022-23,36,36,4
2022-23,37,37,2
2022-23,38,38,6
2022-23,39,39,5
2022-23,40,40,4
2022-23,41,41,4
2022-23,42,42,0
2022-23,43,43,1
2022-23,44,44,2
2022-23,45,45,3
2022-23,46,46,11
2022-23,47,47,5
2022-23,48,48,6
2022-23,49,49,4
2022-23,50,50,4
2022-23,51,51,2
2022-23,52,52,1
2022-23,53,53,2
2022-23,54,54,5
2022-23,55,55,2
2022-23,56,56,5
2022-23,57,57,1
2022-23,58,58,2
2022-23,59,59,2
2022-23,60,60,2
2022-23,61,61,0
2022-23,62,62,2
2022-23,63,63,4
2022-23,64,64,3
2022-23,65,65,2
2022-23,66,66,2
2022-23,67,67,1
2022-23,68,68,1
2022-23,69,69,1
2022-23,70,70,0
2022-23,71,71,1
2022-23,72,72,0
2022-23,73,73,1
2022-23,74,74,1
2022-23,75,75,0
2022-23,76,76,2
2022-23,77,77,2
2022-23,78,78,1
2022-23,79,79,0
2022-23,80,80,1
2022-23,81,81,1
2022-23,82,82,1
2022-23,83,83,0
2022-23,84,84,0
2022-23,85,85,1
2022-23,86,86,0
2022-23,87,87,2
2022-23,88,88,1
2022-23,89,89,1
2022-23,90,90,0
2022-23,91,90+,1
2023-24,1,1,6
2023-24,2,2,7
2023-24,3,3,12
2023-24,4,4,11
2023-24,5,5,9
2023-24,6,6,11
2023-24,7,7,10
2023-24,8,8,5
2023-24,9,9,6
2023-24,10,10,3
2023-24,11,11,11
2023-24,12,12,7
2023-24,13,13,10
2023-24,14,14,9
2023-24,15,15,8
2023-24,16,16,4
2023-24,17,17,14
2023-24,18,18,6
2023-24,19,19,6
2023-24,20,20,6
2023-24,21,21,5
2023-24,22,22,4
2023-24,23,23,7
2023-24,24,24,9
2023-24,25,25,9
2023-24,26,26,8
2023-24,27,27,7
2023-24,28,28,4
2023-24,29,29,4
2023-24,30,30,7
2023-24,31,31,7
2023-24,32,32,4
2023-24,33,33,2
2023-24,34,34,3
2023-24,35,35,4
2023-24,36,36,6
2023-24,37,37,4
2023-24,38,38,2
2023-24,39,39,2
2023-24,40,40,2
2023-24,41,41,1
2023-24,42,42,4
2023-24,43,43,2
2023-24,44,44,3
2023-24,45,45,5
2023-24,46,46,3
2023-24,47,47,7
2023-24,48,48,2
2023-24,49,49,7
2023-24,50,50,3
2023-24,51,51,5
2023-24,52,52,4
2023-24,53,53,4
2023-24,54,54,3
2023-24,55,55,2
2023-24,56,56,2
2023-24,57,57,2
2023-24,58,58,3
2023-24,59,59,2
2023-24,60,60,2
2023-24,61,61,0
2023-24,62,62,0
2023-24,63,63,2
2023-24,64,64,4
2023-24,65,65,3
2023-24,66,66,1
2023-24,67,67,1
2023-24,68,68,1
2023-24,69,69,1
2023-24,70,70,0
2023-24,71,71,2
2023-24,72,72,3
2023-24,73,73,5
2023-24,74,74,2
2023-24,75,75,1
2023-24,76,76,1
2023-24,77,77,0
2023-24,78,78,0
2023-24,79,79,3
2023-24,80,80,1
2023-24,81,81,1
2023-24,82,82,0
2023-24,83,83,0
2023-24,84,84,1
2023-24,85,85,0
2023-24,86,86,2
2023-24,87,87,3
2023-24,88,88,0
2023-24,89,89,1
2023-24,90,90,0
2023-24,91,90+,3
2024-25,1,1,10
2024-25,2,2,12
2024-25,3,3,6
2024-25,4,4,10
2024-25,5,5,8
2024-25,6,6,6
2024-25,7,7,8
2024-25,8,8,7
2024-25,9,9,9
2024-25,10,10,8
2024-25,11,11,8
2024-25,12,12,11
2024-25,13,13,11
2024-25,14,14,12
2024-25,15,15,9
2024-25,16,16,9
2024-25,17,17,10
2024-25,18,18,7
2024-25,19,19,5
2024-25,20,20,8
2024-25,21,21,9
2024-25,22,22,1
2024-25,23,23,7
2024-25,24,24,7
2024-25,25,25,5
2024-25,26,26,4
2024-25,27,27,5
2024-25,28,28,6
2024-25,29,29,9
2024-25,30,30,4
2024-25,31,31,4
2024-25,32,32,2
2024-25,33,33,3
2024-25,34,34,5
2024-25,35,35,9
2024-25,36,36,3
2024-25,37,37,6
2024-25,38,38,4
2024-25,39,39,0
2024-25,40,40,1
2024-25,41,41,0
2024-25,42,42,4
2024-25,43,43,5
2024-25,44,44,2
2024-25,45,45,3
2024-25,46,46,1
2024-25,47,47,6
2024-25,48,48,2
2024-25,49,49,5
2024-25,50,50,3
2024-25,51,51,5
2024-25,52,52,2
2024-25,53,53,1
2024-25,54,54,3
2024-25,55,55,3
2024-25,56,56,1
2024-25,57,57,1
2024-25,58,58,2
2024-25,59,59,4
2024-25,60,60,5
2024-25,61,61,2
2024-25,62,62,0
2024-25,63,63,2
2024-25,64,64,2
2024-25,65,65,2
2024-25,66,66,2
2024-25,67,67,3
2024-25,68,68,0
2024-25,69,69,0
2024-25,70,70,3
2024-25,71,71,1
2024-25,72,72,1
2024-25,73,73,1
2024-25,74,74,3
2024-25,75,75,0
2024-25,76,76,3
2024-25,77,77,2
2024-25,78,78,2
2024-25,79,79,0
2024-25,80,80,0
2024-25,81,81,1
2024-25,82,82,1
2024-25,83,83,1
2024-25,84,84,1
2024-25,85,85,1
2024-25,86,86,1
2024-25,87,87,2
2024-25,88,88,0
2024-25,89,89,0
2024-25,90,90,0
2024-25,91,90+,2
2025-26,1,1,5
2025-26,2,2,7
2025-26,3,3,4
2025-26,4,4,8
2025-26,5,5,13
2025-26,6,6,9
2025-26,7,7,6
2025-26,8,8,7
2025-26,9,9,11
2025-26,10,10,6
2025-26,11,11,6
2025-26,12,12,5
2025-26,13,13,7
2025-26,14,14,8
2025-26,15,15,5
2025-26,16,16,2
2025-26,17,17,8
2025-26,18,18,11
2025-26,19,19,6
2025-26,20,20,3
2025-26,21,21,4
2025-26,22,22,2
2025-26,23,23,4
2025-26,24,24,6
2025-26,25,25,6
2025-26,26,26,4
2025-26,27,27,5
2025-26,28,28,5
2025-26,29,29,7
2025-26,30,30,5
2025-26,31,31,5
2025-26,32,32,8
2025-26,33,33,4
2025-26,34,34,9
2025-26,35,35,5
2025-26,36,36,6
2025-26,37,37,7
2025-26,38,38,5
2025-26,39,39,4
2025-26,40,40,0
2025-26,41,41,4
2025-26,42,42,8
2025-26,43,43,8
2025-26,44,44,1
2025-26,45,45,2
2025-26,46,46,5
2025-26,47,47,4
2025-26,48,48,4
2025-26,49,49,2
2025-26,50,50,4
2025-26,51,51,4
2025-26,52,52,0
2025-26,53,53,2
2025-26,54,54,3
2025-26,55,55,2
2025-26,56,56,1
2025-26,57,57,0
2025-26,58,58,7
2025-26,59,59,1
2025-26,60,60,4
2025-26,61,61,7
2025-26,62,62,1
2025-26,63,63,3
2025-26,64,64,0
2025-26,65,65,2
2025-26,66,66,0
2025-26,67,67,5
2025-26,68,68,0
2025-26,69,69,0
2025-26,70,70,4
2025-26,71,71,3
2025-26,72,72,1
2025-26,73,73,2
2025-26,74,74,2
2025-26,75,75,0
2025-26,76,76,0
2025-26,77,77,1
2025-26,78,78,2
2025-26,79,79,0
2025-26,80,80,0
2025-26,81,81,1
2025-26,82,82,1
2025-26,83,83,2
2025-26,84,84,3
2025-26,85,85,1
2025-26,86,86,1
2025-26,87,87,0
2025-26,88,88,0
2025-26,89,89,1
2025-26,90,90,1
2025-26,91,90+,5
