season_label,position,team_abbr,team_name,played,won,drawn,lost,goals_for,goals_against,goal_diff,points
1992-93,1,MUN,Manchester United,42,24,12,6,67,31,36,84
1992-93,2,AVL,Aston Villa,42,21,11,10,57,40,17,74
1992-93,3,NOR,Norwich City,42,21,9,12,61,65,-4,72
1992-93,4,BLA,Blackburn Rovers,42,20,11,11,68,46,22,71
1992-93,5,QPR,Queens Park Rangers,42,17,12,13,63,55,8,63
1992-93,6,LIV,Liverpool,42,16,11,15,62,55,7,59
1992-93,7,SHW,Sheffield Wednesday,42,15,14,13,55,51,4,59
1992-93,8,TOT,Tottenham Hotspur,42,16,11,15,60,66,-6,59
1992-93,9,MCI,Manchester City,42,15,12,15,56,51,5,57
1992-93,10,ARS,Arsenal,42,15,11,16,40,38,2,56
1992-93,11,CHE,Chelsea,42,14,14,14,51,54,-3,56
1992-93,12,WIM,Wimbledon,42,14,12,16,56,55,1,54
1992-93,13,EVE,Everton,42,15,8,19,53,55,-2,53
1992-93,14,SHU,Sheffield United,42,14,10,18,54,53,1,52
1992-93,15,COV,Coventry City,42,13,13,16,52,57,-5,52
1992-93,16,IPS,Ipswich Town,42,12,16,14,50,55,-5,52
1992-93,17,LEE,Leeds United,42,12,15,15,57,62,-5,51
1992-93,18,SOU,Southampton,42,13,11,18,54,61,-7,50
1992-93,19,OLD,Oldham Athletic,42,13,10,19,63,74,-11,49
1992-93,20,CRY,Crystal Palace,42,11,16,15,48,61,-13,49
1992-93,21,MID,Middlesbrough,42,11,11,20,54,75,-21,44
1992-93,22,NFO,Nottingham Forest,42,10,10,22,41,62,-21,40
1993-94,1,MUN,Manchester United,42,27,11,4,80,38,42,92
1993-94,2,BLA,Blackburn Rovers,42,25,9,8,63,36,27,84
1993-94,3,NEW,Newcastle United,42,23,8,11,82,41,41,77
1993-94,4,ARS,Arsenal,42,18,17,7,53,28,25,71
1993-94,5,LEE,Leeds United,42,18,16,8,65,39,26,70
1993-94,6,WIM,Wimbledon,42,18,11,13,56,53,3,65
1993-94,7,SHW,Sheffield Wednesday,42,16,16,10,76,54,22,64
1993-94,8,LIV,Liverpool,42,17,9,16,59,55,4,60
1993-94,9,QPR,Queens Park Rangers,42,16,12,14,62,61,1,60
1993-94,10,AVL,Aston Villa,42,15,12,15,46,50,-4,57
1993-94,11,COV,Coventry City,42,14,14,14,43,45,-2,56
1993-94,12,NOR,Norwich City,42,12,17,13,65,61,4,53
1993-94,13,WHU,West Ham United,42,13,13,16,47,58,-11,52
1993-94,14,CHE,Chelsea,42,13,12,17,49,53,-4,51
1993-94,15,TOT,Tottenham Hotspur,42,11,12,19,54,59,-5,45
1993-94,16,MCI,Manchester City,42,9,18,15,38,49,-11,45
1993-94,17,EVE,Everton,42,12,8,22,42,63,-21,44
1993-94,18,SOU,Southampton,42,12,7,23,49,66,-17,43
1993-94,19,IPS,Ipswich Town,42,9,16,17,35,58,-23,43
1993-94,20,SHU,Sheffield United,42,8,18,16,42,60,-18,42
1993-94,21,OLD,Oldham Athletic,42,9,13,20,42,68,-26,40
1993-94,22,SWI,Swindon Town,42,5,15,22,47,100,-53,30
1994-95,1,BLA,Blackburn Rovers,42,27,8,7,80,39,41,89
1994-95,2,MUN,Manchester United,42,26,10,6,77,28,49,88
1994-95,3,NFO,Nottingham Forest,42,22,11,9,72,43,29,77
1994-95,4,LIV,Liverpool,42,21,11,10,65,37,28,74
1994-95,5,LEE,Leeds United,42,20,13,9,59,38,21,73
1994-95,6,NEW,Newcastle United,42,20,12,10,67,47,20,72
1994-95,7,TOT,Tottenham Hotspur,42,16,14,12,66,58,8,62
1994-95,8,QPR,Queens Park Rangers,42,17,9,16,61,59,2,60
1994-95,9,WIM,Wimbledon,42,15,11,16,48,65,-17,56
1994-95,10,SOU,Southampton,42,12,18,12,61,63,-2,54
1994-95,11,CHE,Chelsea,42,13,15,14,50,55,-5,54
1994-95,12,ARS,Arsenal,42,13,12,17,52,49,3,51
1994-95,13,SHW,Sheffield Wednesday,42,13,12,17,49,57,-8,51
1994-95,14,WHU,West Ham United,42,13,11,18,44,48,-4,50
1994-95,15,EVE,Everton,42,11,17,14,44,51,-7,50
1994-95,16,COV,Coventry City,42,12,14,16,44,62,-18,50
1994-95,17,MCI,Manchester City,42,12,13,17,53,64,-11,49
1994-95,18,AVL,Aston Villa,42,11,15,16,51,56,-5,48
1994-95,19,CRY,Crystal Palace,42,11,12,19,34,49,-15,45
1994-95,20,NOR,Norwich City,42,10,13,19,37,54,-17,43
1994-95,21,LEI,Leicester City,42,6,11,25,45,80,-35,29
1994-95,22,IPS,Ipswich Town,42,7,6,29,36,93,-57,27
1995-96,1,MUN,Manchester United,38,25,7,6,73,35,38,82
1995-96,2,NEW,Newcastle United,38,24,6,8,66,37,29,78
1995-96,3,LIV,Liverpool,38,20,11,7,70,34,36,71
1995-96,4,AVL,Aston Villa,38,18,9,11,52,35,17,63
1995-96,5,ARS,Arsenal,38,17,12,9,49,32,17,63
1995-96,6,EVE,Everton,38,17,10,11,64,44,20,61
1995-96,7,BLA,Blackburn Rovers,38,18,7,13,61,47,14,61
1995-96,8,TOT,Tottenham Hotspur,38,16,13,9,50,38,12,61
1995-96,9,NFO,Nottingham Forest,38,15,13,10,50,54,-4,58
1995-96,10,WHU,West Ham United,38,14,9,15,43,52,-9,51
1995-96,11,CHE,Chelsea,38,12,14,12,46,44,2,50
1995-96,12,MID,Middlesbrough,38,11,10,17,35,50,-15,43
1995-96,13,LEE,Leeds United,38,12,7,19,40,57,-17,43
1995-96,14,WIM,Wimbledon,38,10,11,17,55,70,-15,41
1995-96,15,SHW,Sheffield Wednesday,38,10,10,18,48,61,-13,40
1995-96,16,COV,Coventry City,38,8,14,16,42,60,-18,38
1995-96,17,SOU,Southampton,38,9,11,18,34,52,-18,38
1995-96,18,MCI,Manchester City,38,9,11,18,33,58,-25,38
1995-96,19,QPR,Queens Park Rangers,38,9,6,23,38,57,-19,33
1995-96,20,BOL,Bolton Wanderers,38,8,5,25,39,71,-32,29
1996-97,1,MUN,Manchester United,38,21,12,5,76,44,32,75
1996-97,2,NEW,Newcastle United,38,19,11,8,73,40,33,68
1996-97,3,ARS,Arsenal,38,19,11,8,62,32,30,68
1996-97,4,LIV,Liverpool,38,19,11,8,62,37,25,68
1996-97,5,AVL,Aston Villa,38,17,10,11,47,34,13,61
1996-97,6,CHE,Chelsea,38,16,11,11,58,55,3,59
1996-97,7,SHW,Sheffield Wednesday,38,14,15,9,50,51,-1,57
1996-97,8,WIM,Wimbledon,38,15,11,12,49,46,3,56
1996-97,9,LEI,Leicester City,38,12,11,15,46,54,-8,47
1996-97,10,TOT,Tottenham Hotspur,38,13,7,18,44,51,-7,46
1996-97,11,LEE,Leeds United,38,11,13,14,28,38,-10,46
1996-97,12,DER,Derby County,38,11,13,14,45,58,-13,46
1996-97,13,BLA,Blackburn Rovers,38,9,15,14,42,43,-1,42
1996-97,14,MID,Middlesbrough,38,10,12,16,51,60,-9,42
1996-97,15,WHU,West Ham United,38,10,12,16,39,48,-9,42
1996-97,16,EVE,Everton,38,10,12,16,44,57,-13,42
1996-97,17,SOU,Southampton,38,10,11,17,50,56,-6,41
1996-97,18,COV,Coventry City,38,9,14,15,38,54,-16,41
1996-97,19,SUN,Sunderland,38,10,10,18,35,53,-18,40
1996-97,20,NFO,Nottingham Forest,38,6,16,16,31,59,-28,34
1997-98,1,ARS,Arsenal,38,23,9,6,68,33,35,78
1997-98,2,MUN,Manchester United,38,23,8,7,73,26,47,77
1997-98,3,LIV,Liverpool,38,18,11,9,68,42,26,65
1997-98,4,CHE,Chelsea,38,20,3,15,71,43,28,63
1997-98,5,LEE,Leeds United,38,17,8,13,57,46,11,59
1997-98,6,BLA,Blackburn Rovers,38,16,10,12,57,52,5,58
1997-98,7,AVL,Aston Villa,38,17,6,15,49,48,1,57
1997-98,8,WHU,West Ham United,38,16,8,14,56,57,-1,56
1997-98,9,DER,Derby County,38,16,7,15,52,49,3,55
1997-98,10,LEI,Leicester City,38,13,14,11,51,41,10,53
1997-98,11,COV,Coventry City,38,12,16,10,46,44,2,52
1997-98,12,SOU,Southampton,38,14,6,18,50,55,-5,48
1997-98,13,NEW,Newcastle United,38,11,11,16,35,44,-9,44
1997-98,14,TOT,Tottenham Hotspur,38,11,11,16,44,56,-12,44
1997-98,15,WIM,Wimbledon,38,10,14,14,34,46,-12,44
1997-98,16,SHW,Sheffield Wednesday,38,12,8,18,52,67,-15,44
1997-98,17,EVE,Everton,38,9,13,16,41,56,-15,40
1997-98,18,BOL,Bolton Wanderers,38,9,13,16,41,61,-20,40
1997-98,19,BAR,Barnsley,38,10,5,23,37,82,-45,35
1997-98,20,CRY,Crystal Palace,38,8,9,21,37,71,-34,33
1998-99,1,MUN,Manchester United,38,22,13,3,80,37,43,79
1998-99,2,ARS,Arsenal,38,22,12,4,59,17,42,78
1998-99,3,CHE,Chelsea,38,20,15,3,57,30,27,75
1998-99,4,LEE,Leeds United,38,18,13,7,62,34,28,67
1998-99,5,WHU,West Ham United,38,16,9,13,46,53,-7,57
1998-99,6,AVL,Aston Villa,38,15,10,13,51,46,5,55
1998-99,7,LIV,Liverpool,38,15,9,14,68,49,19,54
1998-99,8,DER,Derby County,38,13,13,12,40,45,-5,52
1998-99,9,MID,Middlesbrough,38,12,15,11,48,54,-6,51
1998-99,10,LEI,Leicester City,38,12,13,13,40,46,-6,49
1998-99,11,TOT,Tottenham Hotspur,38,11,14,13,47,50,-3,47
1998-99,12,SHW,Sheffield Wednesday,38,13,7,18,41,42,-1,46
1998-99,13,NEW,Newcastle United,38,11,13,14,48,54,-6,46
1998-99,14,EVE,Everton,38,11,10,17,42,47,-5,43
1998-99,15,COV,Coventry City,38,11,9,18,39,51,-12,42
1998-99,16,WIM,Wimbledon,38,10,12,16,40,63,-23,42
1998-99,17,SOU,Southampton,38,11,8,19,37,64,-27,41
1998-99,18,CHA,Charlton Athletic,38,8,12,18,41,56,-15,36
1998-99,19,BLA,Blackburn Rovers,38,7,14,17,38,52,-14,35
1998-99,20,NFO,Nottingham Forest,38,7,9,22,35,69,-34,30
1999-00,1,MUN,Manchester United,38,28,7,3,97,45,52,91
1999-00,2,ARS,Arsenal,38,22,7,9,73,43,30,73
1999-00,3,LEE,Leeds United,38,21,6,11,58,43,15,69
1999-00,4,LIV,Liverpool,38,19,10,9,51,30,21,67
1999-00,5,CHE,Chelsea,38,18,11,9,53,34,19,65
1999-00,6,AVL,Aston Villa,38,15,13,10,46,35,11,58
1999-00,7,SUN,Sunderland,38,16,10,12,57,56,1,58
1999-00,8,LEI,Leicester City,38,16,7,15,55,55,0,55
1999-00,9,WHU,West Ham United,38,15,10,13,52,53,-1,55
1999-00,10,TOT,Tottenham Hotspur,38,15,8,15,57,49,8,53
1999-00,11,NEW,Newcastle United,38,14,10,14,63,54,9,52
1999-00,12,MID,Middlesbrough,38,14,10,14,46,52,-6,52
1999-00,13,EVE,Everton,38,12,14,12,59,49,10,50
1999-00,14,COV,Coventry City,38,12,8,18,47,54,-7,44
1999-00,15,SOU,Southampton,38,12,8,18,45,62,-17,44
1999-00,16,DER,Derby County,38,9,11,18,44,57,-13,38
1999-00,17,BRA,Bradford City,38,9,9,20,38,68,-30,36
1999-00,18,WIM,Wimbledon,38,7,12,19,46,74,-28,33
1999-00,19,SHW,Sheffield Wednesday,38,8,7,23,38,70,-32,31
1999-00,20,WAT,Watford,38,6,6,26,35,77,-42,24
2000-01,1,MUN,Manchester United,38,24,8,6,79,31,48,80
2000-01,2,ARS,Arsenal,38,20,10,8,63,38,25,70
2000-01,3,LIV,Liverpool,38,20,9,9,71,39,32,69
2000-01,4,LEE,Leeds United,38,20,8,10,64,43,21,68
2000-01,5,IPS,Ipswich Town,38,20,6,12,57,42,15,66
2000-01,6,CHE,Chelsea,38,17,10,11,68,45,23,61
2000-01,7,SUN,Sunderland,38,15,12,11,46,41,5,57
2000-01,8,AVL,Aston Villa,38,13,15,10,46,43,3,54
2000-01,9,CHA,Charlton Athletic,38,14,10,14,50,57,-7,52
2000-01,10,SOU,Southampton,38,14,10,14,40,48,-8,52
2000-01,11,NEW,Newcastle United,38,14,9,15,44,50,-6,51
2000-01,12,TOT,Tottenham Hotspur,38,13,10,15,47,54,-7,49
2000-01,13,LEI,Leicester City,38,14,6,18,39,51,-12,48
2000-01,14,MID,Middlesbrough,38,9,15,14,44,44,0,42
2000-01,15,WHU,West Ham United,38,10,12,16,45,50,-5,42
2000-01,16,EVE,Everton,38,11,9,18,45,59,-14,42
2000-01,17,DER,Derby County,38,10,12,16,37,59,-22,42
2000-01,18,MCI,Manchester City,38,8,10,20,41,65,-24,34
2000-01,19,COV,Coventry City,38,8,10,20,36,63,-27,34
2000-01,20,BRA,Bradford City,38,5,11,22,30,70,-40,26
2001-02,1,ARS,Arsenal,38,26,9,3,79,36,43,87
2001-02,2,LIV,Liverpool,38,24,8,6,67,30,37,80
2001-02,3,MUN,Manchester United,38,24,5,9,87,45,42,77
2001-02,4,NEW,Newcastle United,38,21,8,9,74,52,22,71
2001-02,5,LEE,Leeds United,38,18,12,8,53,37,16,66
2001-02,6,CHE,Chelsea,38,17,13,8,66,38,28,64
2001-02,7,WHU,West Ham United,38,15,8,15,48,57,-9,53
2001-02,8,AVL,Aston Villa,38,12,14,12,46,47,-1,50
2001-02,9,TOT,Tottenham Hotspur,38,14,8,16,49,53,-4,50
2001-02,10,BLA,Blackburn Rovers,38,12,10,16,55,51,4,46
2001-02,11,SOU,Southampton,38,12,9,17,46,54,-8,45
2001-02,12,MID,Middlesbrough,38,12,9,17,35,47,-12,45
2001-02,13,FUL,Fulham,38,10,14,14,36,44,-8,44
2001-02,14,CHA,Charlton Athletic,38,10,14,14,38,49,-11,44
2001-02,15,EVE,Everton,38,11,10,17,45,57,-12,43
2001-02,16,BOL,Bolton Wanderers,38,9,13,16,44,62,-18,40
2001-02,17,SUN,Sunderland,38,10,10,18,29,51,-22,40
2001-02,18,IPS,Ipswich Town,38,9,9,20,41,64,-23,36
2001-02,19,DER,Derby County,38,8,6,24,33,63,-30,30
2001-02,20,LEI,Leicester City,38,5,13,20,30,64,-34,28
2002-03,1,MUN,Manchester United,38,25,8,5,74,34,40,83
2002-03,2,ARS,Arsenal,38,23,9,6,85,42,43,78
2002-03,3,NEW,Newcastle United,38,21,6,11,63,48,15,69
2002-03,4,CHE,Chelsea,38,19,10,9,68,38,30,67
2002-03,5,LIV,Liverpool,38,18,10,10,61,41,20,64
2002-03,6,BLA,Blackburn Rovers,38,16,12,10,52,43,9,60
2002-03,7,EVE,Everton,38,17,8,13,48,49,-1,59
2002-03,8,SOU,Southampton,38,13,13,12,43,46,-3,52
2002-03,9,MCI,Manchester City,38,15,6,17,47,54,-7,51
2002-03,10,TOT,Tottenham Hotspur,38,14,8,16,51,62,-11,50
2002-03,11,MID,Middlesbrough,38,13,10,15,48,44,4,49
2002-03,12,CHA,Charlton Athletic,38,14,7,17,45,56,-11,49
2002-03,13,BIR,Birmingham City,38,13,9,16,41,49,-8,48
2002-03,14,FUL,Fulham,38,13,9,16,41,50,-9,48
2002-03,15,LEE,Leeds United,38,14,5,19,58,57,1,47
2002-03,16,AVL,Aston Villa,38,12,9,17,42,47,-5,45
2002-03,17,BOL,Bolton Wanderers,38,10,14,14,41,51,-10,44
2002-03,18,WHU,West Ham United,38,10,12,16,42,59,-17,42
2002-03,19,WBA,West Bromwich Albion,38,6,8,24,29,65,-36,26
2002-03,20,SUN,Sunderland,38,4,7,27,21,65,-44,19
2003-04,1,ARS,Arsenal,38,26,12,0,73,26,47,90
2003-04,2,CHE,Chelsea,38,24,7,7,67,30,37,79
2003-04,3,MUN,Manchester United,38,23,6,9,64,35,29,75
2003-04,4,LIV,Liverpool,38,16,12,10,55,37,18,60
2003-04,5,NEW,Newcastle United,38,13,17,8,52,40,12,56
2003-04,6,AVL,Aston Villa,38,15,11,12,48,44,4,56
2003-04,7,CHA,Charlton Athletic,38,14,11,13,51,51,0,53
2003-04,8,BOL,Bolton Wanderers,38,14,11,13,48,56,-8,53
2003-04,9,FUL,Fulham,38,14,10,14,52,46,6,52
2003-04,10,BIR,Birmingham City,38,12,14,12,43,48,-5,50
2003-04,11,MID,Middlesbrough,38,13,9,16,44,52,-8,48
2003-04,12,SOU,Southampton,38,12,11,15,44,45,-1,47
2003-04,13,POR,Portsmouth,38,12,9,17,47,54,-7,45
2003-04,14,TOT,Tottenham Hotspur,38,13,6,19,47,57,-10,45
2003-04,15,BLA,Blackburn Rovers,38,12,8,18,51,59,-8,44
2003-04,16,MCI,Manchester City,38,9,14,15,55,54,1,41
2003-04,17,EVE,Everton,38,9,12,17,45,57,-12,39
2003-04,18,LEI,Leicester City,38,6,15,17,48,65,-17,33
2003-04,19,LEE,Leeds United,38,8,9,21,40,79,-39,33
2003-04,20,WOL,Wolverhampton Wanderers,38,7,12,19,38,77,-39,33
2004-05,1,CHE,Chelsea,38,29,8,1,72,15,57,95
2004-05,2,ARS,Arsenal,38,25,8,5,87,36,51,83
2004-05,3,MUN,Manchester United,38,22,11,5,58,26,32,77
2004-05,4,EVE,Everton,38,18,7,13,45,46,-1,61
2004-05,5,LIV,Liverpool,38,17,7,14,52,41,11,58
2004-05,6,BOL,Bolton Wanderers,38,16,10,12,49,44,5,58
2004-05,7,MID,Middlesbrough,38,14,13,11,53,46,7,55
2004-05,8,MCI,Manchester City,38,13,13,12,47,39,8,52
2004-05,9,TOT,Tottenham Hotspur,38,14,10,14,47,41,6,52
2004-05,10,AVL,Aston Villa,38,12,11,15,45,52,-7,47
2004-05,11,CHA,Charlton Athletic,38,12,10,16,42,58,-16,46
2004-05,12,BIR,Birmingham City,38,11,12,15,40,46,-6,45
2004-05,13,FUL,Fulham,38,12,8,18,52,60,-8,44
2004-05,14,NEW,Newcastle United,38,10,14,14,47,57,-10,44
2004-05,15,BLA,Blackburn Rovers,38,9,15,14,32,43,-11,42
2004-05,16,POR,Portsmouth,38,10,9,19,43,59,-16,39
2004-05,17,WBA,West Bromwich Albion,38,6,16,16,36,61,-25,34
2004-05,18,CRY,Crystal Palace,38,7,12,19,41,62,-21,33
2004-05,19,NOR,Norwich City,38,7,12,19,42,77,-35,33
2004-05,20,SOU,Southampton,38,6,14,18,45,66,-21,32
2005-06,1,CHE,Chelsea,38,29,4,5,72,22,50,91
2005-06,2,MUN,Manchester United,38,25,8,5,72,34,38,83
2005-06,3,LIV,Liverpool,38,25,7,6,57,25,32,82
2005-06,4,ARS,Arsenal,38,20,7,11,68,31,37,67
2005-06,5,TOT,Tottenham Hotspur,38,18,11,9,53,38,15,65
2005-06,6,BLA,Blackburn Rovers,38,19,6,13,51,42,9,63
2005-06,7,NEW,Newcastle United,38,17,7,14,47,42,5,58
2005-06,8,BOL,Bolton Wanderers,38,15,11,12,49,41,8,56
2005-06,9,WHU,West Ham United,38,16,7,15,52,55,-3,55
2005-06,10,WIG,Wigan Athletic,38,15,6,17,45,52,-7,51
2005-06,11,EVE,Everton,38,14,8,16,34,49,-15,50
2005-06,12,FUL,Fulham,38,14,6,18,48,58,-10,48
2005-06,13,CHA,Charlton Athletic,38,13,8,17,41,55,-14,47
2005-06,14,MID,Middlesbrough,38,12,9,17,48,58,-10,45
2005-06,15,MCI,Manchester City,38,13,4,21,43,48,-5,43
2005-06,16,AVL,Aston Villa,38,10,12,16,42,55,-13,42
2005-06,17,POR,Portsmouth,38,10,8,20,37,62,-25,38
2005-06,18,BIR,Birmingham City,38,8,10,20,28,50,-22,34
2005-06,19,WBA,West Bromwich Albion,38,7,9,22,31,58,-27,30
2005-06,20,SUN,Sunderland,38,3,6,29,26,69,-43,15
2006-07,1,MUN,Manchester United,38,28,5,5,83,27,56,89
2006-07,2,CHE,Chelsea,38,24,11,3,64,24,40,83
2006-07,3,LIV,Liverpool,38,20,8,10,57,27,30,68
2006-07,4,ARS,Arsenal,38,19,11,8,63,35,28,68
2006-07,5,TOT,Tottenham Hotspur,38,17,9,12,57,54,3,60
2006-07,6,EVE,Everton,38,15,13,10,52,36,16,58
2006-07,7,BOL,Bolton Wanderers,38,16,8,14,47,52,-5,56
2006-07,8,REA,Reading,38,16,7,15,52,47,5,55
2006-07,9,POR,Portsmouth,38,14,12,12,45,42,3,54
2006-07,10,BLA,Blackburn Rovers,38,15,7,16,52,54,-2,52
2006-07,11,AVL,Aston Villa,38,11,17,10,43,41,2,50
2006-07,12,MID,Middlesbrough,38,12,10,16,44,49,-5,46
2006-07,13,NEW,Newcastle United,38,11,10,17,38,47,-9,43
2006-07,14,MCI,Manchester City,38,11,9,18,29,44,-15,42
2006-07,15,WHU,West Ham United,38,12,5,21,35,59,-24,41
2006-07,16,FUL,Fulham,38,8,15,15,38,60,-22,39
2006-07,17,WIG,Wigan Athletic,38,10,8,20,37,59,-22,38
2006-07,18,SHU,Sheffield United,38,10,8,20,32,55,-23,38
2006-07,19,CHA,Charlton Athletic,38,8,10,20,34,60,-26,34
2006-07,20,WAT,Watford,38,5,13,20,29,59,-30,28
2007-08,1,MUN,Manchester United,38,27,6,5,80,22,58,87
2007-08,2,CHE,Chelsea,38,25,10,3,65,26,39,85
2007-08,3,ARS,Arsenal,38,24,11,3,74,31,43,83
2007-08,4,LIV,Liverpool,38,21,13,4,67,28,39,76
2007-08,5,EVE,Everton,38,19,8,11,55,33,22,65
2007-08,6,AVL,Aston Villa,38,16,12,10,71,51,20,60
2007-08,7,BLA,Blackburn Rovers,38,15,13,10,50,48,2,58
2007-08,8,POR,Portsmouth,38,16,9,13,48,40,8,57
2007-08,9,MCI,Manchester City,38,15,10,13,45,53,-8,55
2007-08,10,WHU,West Ham United,38,13,10,15,42,50,-8,49
2007-08,11,TOT,Tottenham Hotspur,38,11,13,14,66,61,5,46
2007-08,12,NEW,Newcastle United,38,11,10,17,45,65,-20,43
2007-08,13,MID,Middlesbrough,38,10,12,16,43,53,-10,42
2007-08,14,WIG,Wigan Athletic,38,10,10,18,34,51,-17,40
2007-08,15,SUN,Sunderland,38,11,6,21,36,59,-23,39
2007-08,16,BOL,Bolton Wanderers,38,9,10,19,36,54,-18,37
2007-08,17,FUL,Fulham,38,8,12,18,38,60,-22,36
2007-08,18,REA,Reading,38,10,6,22,41,66,-25,36
2007-08,19,BIR,Birmingham City,38,8,11,19,46,62,-16,35
2007-08,20,DER,Derby County,38,1,8,29,20,89,-69,11
2008-09,1,MUN,Manchester United,38,28,6,4,68,24,44,90
2008-09,2,LIV,Liverpool,38,25,11,2,77,27,50,86
2008-09,3,CHE,Chelsea,38,25,8,5,68,24,44,83
2008-09,4,ARS,Arsenal,38,20,12,6,68,37,31,72
2008-09,5,EVE,Everton,38,17,12,9,55,37,18,63
2008-09,6,AVL,Aston Villa,38,17,11,10,54,48,6,62
2008-09,7,FUL,Fulham,38,14,11,13,39,34,5,53
2008-09,8,TOT,Tottenham Hotspur,38,14,9,15,45,45,0,51
2008-09,9,WHU,West Ham United,38,14,9,15,42,45,-3,51
2008-09,10,MCI,Manchester City,38,15,5,18,58,50,8,50
2008-09,11,WIG,Wigan Athletic,38,12,9,17,34,45,-11,45
2008-09,12,STO,Stoke City,38,12,9,17,38,55,-17,45
2008-09,13,BOL,Bolton Wanderers,38,11,8,19,41,53,-12,41
2008-09,14,POR,Portsmouth,38,10,11,17,38,57,-19,41
2008-09,15,BLA,Blackburn Rovers,38,10,11,17,40,60,-20,41
2008-09,16,SUN,Sunderland,38,9,9,20,34,54,-20,36
2008-09,17,HUL,Hull City,38,8,11,19,39,64,-25,35
2008-09,18,NEW,Newcastle United,38,7,13,18,40,59,-19,34
2008-09,19,MID,Middlesbrough,38,7,11,20,28,57,-29,32
2008-09,20,WBA,West Bromwich Albion,38,8,8,22,36,67,-31,32
2009-10,1,CHE,Chelsea,38,27,5,6,103,32,71,86
2009-10,2,MUN,Manchester United,38,27,4,7,86,28,58,85
2009-10,3,ARS,Arsenal,38,23,6,9,83,41,42,75
2009-10,4,TOT,Tottenham Hotspur,38,21,7,10,67,41,26,70
2009-10,5,MCI,Manchester City,38,18,13,7,73,45,28,67
2009-10,6,AVL,Aston Villa,38,17,13,8,52,39,13,64
2009-10,7,LIV,Liverpool,38,18,9,11,61,35,26,63
2009-10,8,EVE,Everton,38,16,13,9,60,49,11,61
2009-10,9,BIR,Birmingham City,38,13,11,14,38,47,-9,50
2009-10,10,BLA,Blackburn Rovers,38,13,11,14,41,55,-14,50
2009-10,11,STO,Stoke City,38,11,14,13,34,48,-14,47
2009-10,12,FUL,Fulham,38,12,10,16,39,46,-7,46
2009-10,13,SUN,Sunderland,38,11,11,16,48,56,-8,44
2009-10,14,BOL,Bolton Wanderers,38,10,9,19,42,67,-25,39
2009-10,15,WOL,Wolverhampton Wanderers,38,9,11,18,32,56,-24,38
2009-10,16,WIG,Wigan Athletic,38,9,9,20,37,79,-42,36
2009-10,17,WHU,West Ham United,38,8,11,19,47,66,-19,35
2009-10,18,BUR,Burnley,38,8,6,24,42,82,-40,30
2009-10,19,HUL,Hull City,38,6,12,20,34,75,-41,30
2009-10,20,POR,Portsmouth,38,7,7,24,34,66,-32,28
2010-11,1,MUN,Manchester United,38,23,11,4,78,37,41,80
2010-11,2,CHE,Chelsea,38,21,8,9,69,33,36,71
2010-11,3,MCI,Manchester City,38,21,8,9,60,33,27,71
2010-11,4,ARS,Arsenal,38,19,11,8,72,43,29,68
2010-11,5,TOT,Tottenham Hotspur,38,16,14,8,55,46,9,62
2010-11,6,LIV,Liverpool,38,17,7,14,59,44,15,58
2010-11,7,EVE,Everton,38,13,15,10,51,45,6,54
2010-11,8,FUL,Fulham,38,11,16,11,49,43,6,49
2010-11,9,AVL,Aston Villa,38,12,12,14,48,59,-11,48
2010-11,10,SUN,Sunderland,38,12,11,15,45,56,-11,47
2010-11,11,WBA,West Bromwich Albion,38,12,11,15,56,71,-15,47
2010-11,12,NEW,Newcastle United,38,11,13,14,56,57,-1,46
2010-11,13,STO,Stoke City,38,13,7,18,46,48,-2,46
2010-11,14,BOL,Bolton Wanderers,38,12,10,16,52,56,-4,46
2010-11,15,BLA,Blackburn Rovers,38,11,10,17,46,59,-13,43
2010-11,16,WIG,Wigan Athletic,38,9,15,14,40,61,-21,42
2010-11,17,WOL,Wolverhampton Wanderers,38,11,7,20,46,66,-20,40
2010-11,18,BIR,Birmingham City,38,8,15,15,37,58,-21,39
2010-11,19,BPL,Blackpool,38,10,9,19,55,78,-23,39
2010-11,20,WHU,West Ham United,38,7,12,19,43,70,-27,33
2011-12,1,MCI,Manchester City,38,28,5,5,93,29,64,89
2011-12,2,MUN,Manchester United,38,28,5,5,89,33,56,89
2011-12,3,ARS,Arsenal,38,21,7,10,74,49,25,70
2011-12,4,TOT,Tottenham Hotspur,38,20,9,9,66,41,25,69
2011-12,5,NEW,Newcastle United,38,19,8,11,56,51,5,65
2011-12,6,CHE,Chelsea,38,18,10,10,65,46,19,64
2011-12,7,EVE,Everton,38,15,11,12,50,40,10,56
2011-12,8,LIV,Liverpool,38,14,10,14,47,40,7,52
2011-12,9,FUL,Fulham,38,14,10,14,48,51,-3,52
2011-12,10,WBA,West Bromwich Albion,38,13,8,17,45,52,-7,47
2011-12,11,SWA,Swansea City,38,12,11,15,44,51,-7,47
2011-12,12,NOR,Norwich City,38,12,11,15,52,66,-14,47
2011-12,13,SUN,Sunderland,38,11,12,15,45,46,-1,45
2011-12,14,STO,Stoke City,38,11,12,15,36,53,-17,45
2011-12,15,WIG,Wigan Athletic,38,11,10,17,42,62,-20,43
2011-12,16,AVL,Aston Villa,38,7,17,14,37,53,-16,38
2011-12,17,QPR,Queens Park Rangers,38,10,7,21,43,66,-23,37
2011-12,18,BOL,Bolton Wanderers,38,10,6,22,46,77,-31,36
2011-12,19,BLA,Blackburn Rovers,38,8,7,23,48,78,-30,31
2011-12,20,WOL,Wolverhampton Wanderers,38,5,10,23,40,82,-42,25
2012-13,1,MUN,Manchester United,38,28,5,5,86,43,43,89
2012-13,2,MCI,Manchester City,38,23,9,6,66,34,32,78
2012-13,3,CHE,Chelsea,38,22,9,7,75,39,36,75
2012-13,4,ARS,Arsenal,38,21,10,7,72,37,35,73
2012-13,5,TOT,Tottenham Hotspur,38,21,9,8,66,46,20,72
2012-13,6,EVE,Everton,38,16,15,7,55,40,15,63
2012-13,7,LIV,Liverpool,38,16,13,9,71,43,28,61
2012-13,8,WBA,West Bromwich Albion,38,14,7,17,53,57,-4,49
2012-13,9,SWA,Swansea City,38,11,13,14,47,51,-4,46
2012-13,10,WHU,West Ham United,38,12,10,16,45,53,-8,46
2012-13,11,NOR,Norwich City,38,10,14,14,41,58,-17,44
2012-13,12,FUL,Fulham,38,11,10,17,50,60,-10,43
2012-13,13,STO,Stoke City,38,9,15,14,34,45,-11,42
2012-13,14,SOU,Southampton,38,9,14,15,49,60,-11,41
2012-13,15,AVL,Aston Villa,38,10,11,17,47,69,-22,41
2012-13,16,NEW,Newcastle United,38,11,8,19,45,68,-23,41
2012-13,17,SUN,Sunderland,38,9,12,17,41,54,-13,39
2012-13,18,WIG,Wigan Athletic,38,9,9,20,47,73,-26,36
2012-13,19,REA,Reading,38,6,10,22,43,73,-30,28
2012-13,20,QPR,Queens Park Rangers,38,4,13,21,30,60,-30,25
2013-14,1,MCI,Manchester City,38,27,5,6,102,37,65,86
2013-14,2,LIV,Liverpool,38,26,6,6,101,50,51,84
2013-14,3,CHE,Chelsea,38,25,7,6,71,27,44,82
2013-14,4,ARS,Arsenal,38,24,7,7,68,41,27,79
2013-14,5,EVE,Everton,38,21,9,8,61,39,22,72
2013-14,6,TOT,Tottenham Hotspur,38,21,6,11,55,51,4,69
2013-14,7,MUN,Manchester United,38,19,7,12,64,43,21,64
2013-14,8,SOU,Southampton,38,15,11,12,54,46,8,56
2013-14,9,STO,Stoke City,38,13,11,14,45,52,-7,50
2013-14,10,NEW,Newcastle United,38,15,4,19,43,59,-16,49
2013-14,11,CRY,Crystal Palace,38,13,6,19,33,48,-15,45
2013-14,12,SWA,Swansea City,38,11,9,18,54,54,0,42
2013-14,13,WHU,West Ham United,38,11,7,20,40,51,-11,40
2013-14,14,SUN,Sunderland,38,10,8,20,41,60,-19,38
2013-14,15,AVL,Aston Villa,38,10,8,20,39,61,-22,38
2013-14,16,HUL,Hull City,38,10,7,21,38,53,-15,37
2013-14,17,WBA,West Bromwich Albion,38,7,15,16,43,59,-16,36
2013-14,18,NOR,Norwich City,38,8,9,21,28,62,-34,33
2013-14,19,FUL,Fulham,38,9,5,24,40,85,-45,32
2013-14,20,CAR,Cardiff City,38,7,9,22,32,74,-42,30
2014-15,1,CHE,Chelsea,38,26,9,3,73,32,41,87
2014-15,2,MCI,Manchester City,38,24,7,7,83,38,45,79
2014-15,3,ARS,Arsenal,38,22,9,7,71,36,35,75
2014-15,4,MUN,Manchester United,38,20,10,8,62,37,25,70
2014-15,5,TOT,Tottenham Hotspur,38,19,7,12,58,53,5,64
2014-15,6,LIV,Liverpool,38,18,8,12,52,48,4,62
2014-15,7,SOU,Southampton,38,18,6,14,54,33,21,60
2014-15,8,SWA,Swansea City,38,16,8,14,46,49,-3,56
2014-15,9,STO,Stoke City,38,15,9,14,48,45,3,54
2014-15,10,CRY,Crystal Palace,38,13,9,16,47,51,-4,48
2014-15,11,EVE,Everton,38,12,11,15,48,50,-2,47
2014-15,12,WHU,West Ham United,38,12,11,15,44,47,-3,47
2014-15,13,WBA,West Bromwich Albion,38,11,11,16,38,51,-13,44
2014-15,14,LEI,Leicester City,38,11,8,19,46,55,-9,41
2014-15,15,NEW,Newcastle United,38,10,9,19,40,63,-23,39
2014-15,16,SUN,Sunderland,38,7,17,14,31,53,-22,38
2014-15,17,AVL,Aston Villa,38,10,8,20,31,57,-26,38
2014-15,18,HUL,Hull City,38,8,11,19,33,51,-18,35
2014-15,19,BUR,Burnley,38,7,12,19,28,53,-25,33
2014-15,20,QPR,Queens Park Rangers,38,8,6,24,42,73,-31,30
2015-16,1,LEI,Leicester City,38,23,12,3,68,36,32,81
2015-16,2,ARS,Arsenal,38,20,11,7,65,36,29,71
2015-16,3,TOT,Tottenham Hotspur,38,19,13,6,69,35,34,70
2015-16,4,MCI,Manchester City,38,19,9,10,71,41,30,66
2015-16,5,MUN,Manchester United,38,19,9,10,49,35,14,66
2015-16,6,SOU,Southampton,38,18,9,11,59,41,18,63
2015-16,7,WHU,West Ham United,38,16,14,8,65,51,14,62
2015-16,8,LIV,Liverpool,38,16,12,10,63,50,13,60
2015-16,9,STO,Stoke City,38,14,9,15,41,55,-14,51
2015-16,10,CHE,Chelsea,38,12,14,12,59,53,6,50
2015-16,11,EVE,Everton,38,11,14,13,59,55,4,47
2015-16,12,SWA,Swansea City,38,12,11,15,42,52,-10,47
2015-16,13,WAT,Watford,38,12,9,17,40,50,-10,45
2015-16,14,WBA,West Bromwich Albion,38,10,13,15,34,48,-14,43
2015-16,15,CRY,Crystal Palace,38,11,9,18,39,51,-12,42
2015-16,16,BOU,Bournemouth,38,11,9,18,45,67,-22,42
2015-16,17,SUN,Sunderland,38,9,12,17,48,62,-14,39
2015-16,18,NEW,Newcastle United,38,9,10,19,44,65,-21,37
2015-16,19,NOR,Norwich City,38,9,7,22,39,67,-28,34
2015-16,20,AVL,Aston Villa,38,3,8,27,27,76,-49,17
2016-17,1,CHE,Chelsea,38,30,3,5,85,33,52,93
2016-17,2,TOT,Tottenham Hotspur,38,26,8,4,86,26,60,86
2016-17,3,MCI,Manchester City,38,23,9,6,80,39,41,78
2016-17,4,LIV,Liverpool,38,22,10,6,78,42,36,76
2016-17,5,ARS,Arsenal,38,23,6,9,77,44,33,75
2016-17,6,MUN,Manchester United,38,18,15,5,54,29,25,69
2016-17,7,EVE,Everton,38,17,10,11,62,44,18,61
2016-17,8,SOU,Southampton,38,12,10,16,41,48,-7,46
2016-17,9,BOU,Bournemouth,38,12,10,16,55,67,-12,46
2016-17,10,WBA,West Bromwich Albion,38,12,9,17,43,51,-8,45
2016-17,11,WHU,West Ham United,38,12,9,17,47,64,-17,45
2016-17,12,LEI,Leicester City,38,12,8,18,48,63,-15,44
2016-17,13,STO,Stoke City,38,11,11,16,41,56,-15,44
2016-17,14,CRY,Crystal Palace,38,12,5,21,50,63,-13,41
2016-17,15,SWA,Swansea City,38,12,5,21,45,70,-25,41
2016-17,16,BUR,Burnley,38,11,7,20,39,55,-16,40
2016-17,17,WAT,Watford,38,11,7,20,40,68,-28,40
2016-17,18,HUL,Hull City,38,9,7,22,37,80,-43,34
2016-17,19,MID,Middlesbrough,38,5,13,20,27,53,-26,28
2016-17,20,SUN,Sunderland,38,6,6,26,29,69,-40,24
2017-18,1,MCI,Manchester City,38,32,4,2,106,27,79,100
2017-18,2,MUN,Manchester United,38,25,6,7,68,28,40,81
2017-18,3,TOT,Tottenham Hotspur,38,23,8,7,74,36,38,77
2017-18,4,LIV,Liverpool,38,21,12,5,84,38,46,75
2017-18,5,CHE,Chelsea,38,21,7,10,62,38,24,70
2017-18,6,ARS,Arsenal,38,19,6,13,74,51,23,63
2017-18,7,BUR,Burnley,38,14,12,12,36,39,-3,54
2017-18,8,EVE,Everton,38,13,10,15,44,58,-14,49
2017-18,9,LEI,Leicester City,38,12,11,15,56,60,-4,47
2017-18,10,NEW,Newcastle United,38,12,8,18,39,47,-8,44
2017-18,11,CRY,Crystal Palace,38,11,11,16,45,55,-10,44
2017-18,12,BOU,Bournemouth,38,11,11,16,45,61,-16,44
2017-18,13,WHU,West Ham United,38,10,12,16,48,68,-20,42
2017-18,14,WAT,Watford,38,11,8,19,44,64,-20,41
2017-18,15,BHA,Brighton and Hove Albion,38,9,13,16,34,54,-20,40
2017-18,16,HUD,Huddersfield Town,38,9,10,19,28,58,-30,37
2017-18,17,SOU,Southampton,38,7,15,16,37,56,-19,36
2017-18,18,SWA,Swansea City,38,8,9,21,28,56,-28,33
2017-18,19,STO,Stoke City,38,7,12,19,35,68,-33,33
2017-18,20,WBA,West Bromwich Albion,38,6,13,19,31,56,-25,31
2018-19,1,MCI,Manchester City,38,32,2,4,95,23,72,98
2018-19,2,LIV,Liverpool,38,30,7,1,89,22,67,97
2018-19,3,CHE,Chelsea,38,21,9,8,63,39,24,72
2018-19,4,TOT,Tottenham Hotspur,38,23,2,13,67,39,28,71
2018-19,5,ARS,Arsenal,38,21,7,10,73,51,22,70
2018-19,6,MUN,Manchester United,38,19,9,10,65,54,11,66
2018-19,7,WOL,Wolverhampton Wanderers,38,16,9,13,47,46,1,57
2018-19,8,EVE,Everton,38,15,9,14,54,46,8,54
2018-19,9,LEI,Leicester City,38,15,7,16,51,48,3,52
2018-19,10,WHU,West Ham United,38,15,7,16,52,55,-3,52
2018-19,11,WAT,Watford,38,14,8,16,52,59,-7,50
2018-19,12,CRY,Crystal Palace,38,14,7,17,51,53,-2,49
2018-19,13,NEW,Newcastle United,38,12,9,17,42,48,-6,45
2018-19,14,BOU,Bournemouth,38,13,6,19,56,70,-14,45
2018-19,15,BUR,Burnley,38,11,7,20,45,68,-23,40
2018-19,16,SOU,Southampton,38,9,12,17,45,65,-20,39
2018-19,17,BHA,Brighton and Hove Albion,38,9,9,20,35,60,-25,36
2018-19,18,CAR,Cardiff City,38,10,4,24,34,69,-35,34
2018-19,19,FUL,Fulham,38,7,5,26,34,81,-47,26
2018-19,20,HUD,Huddersfield Town,38,3,7,28,22,76,-54,16
2019-20,1,LIV,Liverpool,38,32,3,3,85,33,52,99
2019-20,2,MCI,Manchester City,38,26,3,9,102,35,67,81
2019-20,3,MUN,Manchester United,38,18,12,8,66,36,30,66
2019-20,4,CHE,Chelsea,38,20,6,12,69,54,15,66
2019-20,5,LEI,Leicester City,38,18,8,12,67,41,26,62
2019-20,6,TOT,Tottenham Hotspur,38,16,11,11,61,47,14,59
2019-20,7,WOL,Wolverhampton Wanderers,38,15,14,9,51,40,11,59
2019-20,8,ARS,Arsenal,38,14,14,10,56,48,8,56
2019-20,9,SHU,Sheffield United,38,14,12,12,39,39,0,54
2019-20,10,BUR,Burnley,38,15,9,14,43,50,-7,54
2019-20,11,SOU,Southampton,38,15,7,16,51,60,-9,52
2019-20,12,EVE,Everton,38,13,10,15,44,56,-12,49
2019-20,13,NEW,Newcastle United,38,11,11,16,38,58,-20,44
2019-20,14,CRY,Crystal Palace,38,11,10,17,31,50,-19,43
2019-20,15,BHA,Brighton and Hove Albion,38,9,14,15,39,54,-15,41
2019-20,16,WHU,West Ham United,38,10,9,19,49,62,-13,39
2019-20,17,AVL,Aston Villa,38,9,8,21,41,67,-26,35
2019-20,18,BOU,Bournemouth,38,9,7,22,40,65,-25,34
2019-20,19,WAT,Watford,38,8,10,20,36,64,-28,34
2019-20,20,NOR,Norwich City,38,5,6,27,26,75,-49,21
2020-21,1,MCI,Manchester City,38,27,5,6,83,32,51,86
2020-21,2,MUN,Manchester United,38,21,11,6,73,44,29,74
2020-21,3,LIV,Liverpool,38,20,9,9,68,42,26,69
2020-21,4,CHE,Chelsea,38,19,10,9,58,36,22,67
2020-21,5,LEI,Leicester City,38,20,6,12,68,50,18,66
2020-21,6,WHU,West Ham United,38,19,8,11,62,47,15,65
2020-21,7,TOT,Tottenham Hotspur,38,18,8,12,68,45,23,62
2020-21,8,ARS,Arsenal,38,18,7,13,55,39,16,61
2020-21,9,LEE,Leeds United,38,18,5,15,62,54,8,59
2020-21,10,EVE,Everton,38,17,8,13,47,48,-1,59
2020-21,11,AVL,Aston Villa,38,16,7,15,55,46,9,55
2020-21,12,NEW,Newcastle United,38,12,9,17,46,62,-16,45
2020-21,13,WOL,Wolverhampton Wanderers,38,12,9,17,36,52,-16,45
2020-21,14,CRY,Crystal Palace,38,12,8,18,41,66,-25,44
2020-21,15,SOU,Southampton,38,12,7,19,47,68,-21,43
2020-21,16,BHA,Brighton and Hove Albion,38,9,14,15,40,46,-6,41
2020-21,17,BUR,Burnley,38,10,9,19,33,55,-22,39
2020-21,18,FUL,Fulham,38,5,13,20,27,53,-26,28
2020-21,19,WBA,West Bromwich Albion,38,5,11,22,35,76,-41,26
2020-21,20,SHU,Sheffield United,38,7,2,29,20,63,-43,23
2021-22,1,MCI,Manchester City,38,29,6,3,99,26,73,93
2021-22,2,LIV,Liverpool,38,28,8,2,94,26,68,92
2021-22,3,CHE,Chelsea,38,21,11,6,76,33,43,74
2021-22,4,TOT,Tottenham Hotspur,38,22,5,11,69,40,29,71
2021-22,5,ARS,Arsenal,38,22,3,13,61,48,13,69
2021-22,6,MUN,Manchester United,38,16,10,12,57,57,0,58
2021-22,7,WHU,West Ham United,38,16,8,14,60,51,9,56
2021-22,8,LEI,Leicester City,38,14,10,14,62,59,3,52
2021-22,9,BHA,Brighton and Hove Albion,38,12,15,11,42,44,-2,51
2021-22,10,WOL,Wolverhampton Wanderers,38,15,6,17,38,43,-5,51
2021-22,11,NEW,Newcastle United,38,13,10,15,44,62,-18,49
2021-22,12,CRY,Crystal Palace,38,11,15,12,50,46,4,48
2021-22,13,BRE,Brentford,38,13,7,18,48,56,-8,46
2021-22,14,AVL,Aston Villa,38,13,6,19,52,54,-2,45
2021-22,15,SOU,Southampton,38,9,13,16,43,67,-24,40
2021-22,16,EVE,Everton,38,11,6,21,43,66,-23,39
2021-22,17,LEE,Leeds United,38,9,11,18,42,79,-37,38
2021-22,18,BUR,Burnley,38,7,14,17,34,53,-19,35
2021-22,19,WAT,Watford,38,6,5,27,34,77,-43,23
2021-22,20,NOR,Norwich City,38,5,7,26,23,84,-61,22
2022-23,1,MCI,Manchester City,38,28,5,5,94,33,61,89
2022-23,2,ARS,Arsenal,38,26,6,6,88,43,45,84
2022-23,3,MUN,Manchester United,38,23,6,9,58,43,15,75
2022-23,4,NEW,Newcastle United,38,19,14,5,68,33,35,71
2022-23,5,LIV,Liverpool,38,19,10,9,75,47,28,67
2022-23,6,BHA,Brighton and Hove Albion,38,18,8,12,72,53,19,62
2022-23,7,AVL,Aston Villa,38,18,7,13,51,46,5,61
2022-23,8,TOT,Tottenham Hotspur,38,18,6,14,70,63,7,60
2022-23,9,BRE,Brentford,38,15,14,9,58,46,12,59
2022-23,10,FUL,Fulham,38,15,7,16,55,53,2,52
2022-23,11,CRY,Crystal Palace,38,11,12,15,40,49,-9,45
2022-23,12,CHE,Chelsea,38,11,11,16,38,47,-9,44
2022-23,13,WOL,Wolverhampton Wanderers,38,11,8,19,31,58,-27,41
2022-23,14,WHU,West Ham United,38,11,7,20,42,55,-13,40
2022-23,15,BOU,Bournemouth,38,11,6,21,37,71,-34,39
2022-23,16,NFO,Nottingham Forest,38,9,11,18,38,68,-30,38
2022-23,17,EVE,Everton,38,8,12,18,34,57,-23,36
2022-23,18,LEI,Leicester City,38,9,7,22,51,68,-17,34
2022-23,19,LEE,Leeds United,38,7,10,21,48,78,-30,31
2022-23,20,SOU,Southampton,38,6,7,25,36,73,-37,25
2023-24,1,MCI,Manchester City,38,28,7,3,96,34,62,91
2023-24,2,ARS,Arsenal,38,28,5,5,91,29,62,89
2023-24,3,LIV,Liverpool,38,24,10,4,86,41,45,82
2023-24,4,AVL,Aston Villa,38,20,8,10,76,61,15,68
2023-24,5,TOT,Tottenham Hotspur,38,20,6,12,74,61,13,66
2023-24,6,CHE,Chelsea,38,18,9,11,77,63,14,63
2023-24,7,NEW,Newcastle United,38,18,6,14,85,62,23,60
2023-24,8,MUN,Manchester United,38,18,6,14,57,58,-1,60
2023-24,9,WHU,West Ham United,38,14,10,14,60,74,-14,52
2023-24,10,CRY,Crystal Palace,38,13,10,15,57,58,-1,49
2023-24,11,BHA,Brighton and Hove Albion,38,12,12,14,55,62,-7,48
2023-24,12,EVE,Everton,38,13,9,16,40,51,-11,48
2023-24,13,BOU,Bournemouth,38,13,9,16,54,67,-13,48
2023-24,14,FUL,Fulham,38,13,8,17,55,61,-6,47
2023-24,15,WOL,Wolverhampton Wanderers,38,13,7,18,50,65,-15,46
2023-24,16,BRE,Brentford,38,10,9,19,56,65,-9,39
2023-24,17,NFO,Nottingham Forest,38,9,9,20,49,67,-18,36
2023-24,18,LUT,Luton Town,38,6,8,24,52,85,-33,26
2023-24,19,BUR,Burnley,38,5,9,24,41,78,-37,24
2023-24,20,SHU,Sheffield United,38,3,7,28,35,104,-69,16
2024-25,1,LIV,Liverpool,38,25,9,4,86,41,45,84
2024-25,2,ARS,Arsenal,38,20,14,4,69,34,35,74
2024-25,3,MCI,Manchester City,38,21,8,9,72,44,28,71
2024-25,4,CHE,Chelsea,38,20,9,9,64,43,21,69
2024-25,5,NEW,Newcastle United,38,20,6,12,68,47,21,66
2024-25,6,AVL,Aston Villa,38,19,9,10,58,51,7,66
2024-25,7,NFO,Nottingham Forest,38,19,8,11,58,46,12,65
2024-25,8,BHA,Brighton and Hove Albion,38,16,13,9,66,59,7,61
2024-25,9,BOU,Bournemouth,38,15,11,12,58,46,12,56
2024-25,10,BRE,Brentford,38,16,8,14,66,57,9,56
2024-25,11,FUL,Fulham,38,15,9,14,54,54,0,54
2024-25,12,CRY,Crystal Palace,38,13,14,11,51,51,0,53
2024-25,13,EVE,Everton,38,11,15,12,42,44,-2,48
2024-25,14,WHU,West Ham United,38,11,10,17,46,62,-16,43
2024-25,15,MUN,Manchester United,38,11,9,18,44,54,-10,42
2024-25,16,WOL,Wolverhampton Wanderers,38,12,6,20,54,69,-15,42
2024-25,17,TOT,Tottenham Hotspur,38,11,5,22,64,65,-1,38
2024-25,18,LEI,Leicester City,38,6,7,25,33,80,-47,25
2024-25,19,IPS,Ipswich Town,38,4,10,24,36,82,-46,22
2024-25,20,SOU,Southampton,38,2,6,30,26,86,-60,12
2025-26,1,ARS,Arsenal,38,26,7,5,71,27,44,85
2025-26,2,MCI,Manchester City,38,23,9,6,77,35,42,78
2025-26,3,MUN,Manchester United,38,20,11,7,69,50,19,71
2025-26,4,AVL,Aston Villa,38,19,8,11,56,49,7,65
2025-26,5,LIV,Liverpool,38,17,9,12,63,53,10,60
2025-26,6,BOU,Bournemouth,38,13,18,7,58,54,4,57
2025-26,7,SUN,Sunderland,38,14,12,12,42,48,-6,54
2025-26,8,BHA,Brighton and Hove Albion,38,14,11,13,52,46,6,53
2025-26,9,BRE,Brentford,38,14,11,13,55,52,3,53
2025-26,10,CHE,Chelsea,38,14,10,14,58,52,6,52
2025-26,11,FUL,Fulham,38,15,7,16,47,51,-4,52
2025-26,12,NEW,Newcastle United,38,14,7,17,53,55,-2,49
2025-26,13,EVE,Everton,38,13,10,15,47,50,-3,49
2025-26,14,LEE,Leeds United,38,11,14,13,49,56,-7,47
2025-26,15,CRY,Crystal Palace,38,11,12,15,41,51,-10,45
2025-26,16,NFO,Nottingham Forest,38,11,11,16,48,51,-3,44
2025-26,17,TOT,Tottenham Hotspur,38,10,11,17,48,57,-9,41
2025-26,18,WHU,West Ham United,38,10,9,19,46,65,-19,39
2025-26,19,BUR,Burnley,38,4,10,24,38,75,-37,22
2025-26,20,WOL,Wolverhampton Wanderers,38,3,11,24,27,68,-41,20
